
*******************************************************************************************************************************************
17-03-2025 19:22:34.610> X-Mouse Button Control v2.20.5 (x64) Startup. Commandline '/installed /notportable'
17-03-2025 19:22:34.623> Running in high integrity mode (as Administrator) (0x00003000)
17-03-2025 19:22:34.623> Unable to find the default settings file 'C:\Users\Izuk\Programs\Xmouse\XMBCSettings.xml' (Error code 2: O sistema não pode encontrar o arquivo especificado. )
17-03-2025 19:22:34.623> HookDLL: Unable to load XML settings
17-03-2025 19:22:34.623> Running on Microsoft Windows 10 Professional Edition (build 19045), 64-bit, Hook Timeout: 1000 ms
17-03-2025 19:22:34.623> Startup folder: 'C:\Program Files\Highresolution Enterprises\X-Mouse Button Control\'
17-03-2025 19:22:34.623> Settings (and log) folder: 'C:\Users\Izuk\Programs\Xmouse\'
17-03-2025 19:22:34.723> HookThreadProc[0x90]: Using keyboard language 0x04090409
17-03-2025 19:22:43.832> MultInstance: Sending command line '/notportable' to an existing instance of X-Mouse Button Control
17-03-2025 19:22:43.840> MultInstance: Successfully finished communicating with the first instance of X-Mouse Button Control.
17-03-2025 19:22:43.840> Received 2048 bytes on the IPC named pipe.
17-03-2025 19:22:43.840> Received message with data 0x80000204 from another instance of X-Mouse Button Control.
17-03-2025 19:22:43.859> CMyMessageWnd::OnSetup   -   Opening setup dialog.

17-03-2025 19:22:43.878> Unable to find the default settings file 'C:\Users\Izuk\Programs\Xmouse\XMBCSettings.xml' (Error code 2: O sistema não pode encontrar o arquivo especificado. )
17-03-2025 19:22:43.878> SetupDialog: Settings file 'C:\Users\Izuk\Programs\Xmouse\XMBCSettings.xml' does not exist!
17-03-2025 19:22:44.000> GetLayerName: Layer 0 does not exist or has no name!
17-03-2025 19:22:44.000> GetLayerName: Layer 0 does not exist or has no name!
17-03-2025 19:22:44.000> GetLayerName: Layer 0 does not exist or has no name!
17-03-2025 19:22:44.000> GetLayerName: Layer 0 does not exist or has no name!
17-03-2025 19:22:44.005> GetLayerName: Layer 1 does not exist or has no name!
17-03-2025 19:22:44.005> GetLayerName: Layer 1 does not exist or has no name!
17-03-2025 19:22:44.005> GetLayerName: Layer 1 does not exist or has no name!
17-03-2025 19:22:44.005> GetLayerName: Layer 1 does not exist or has no name!
17-03-2025 19:22:54.573> Applying changes to X-Mouse Button Control settings...
17-03-2025 19:22:54.574> Unable to find the default settings file 'C:\Users\Izuk\Programs\Xmouse\XMBCSettings.xml' (Error code 2: O sistema não pode encontrar o arquivo especificado. )
17-03-2025 19:22:54.574> SetupDialog: Settings file 'C:\Users\Izuk\Programs\Xmouse\XMBCSettings.xml' does not exist!
17-03-2025 19:22:54.575> Updating Windows hook timeout: 200
17-03-2025 19:22:54.575> There is no existing settings file. Attempting to creating a new one.
17-03-2025 19:22:54.575> GetLayerName: Layer 2 does not exist or has no name!
17-03-2025 19:22:54.575> GetLayerName: Layer 3 does not exist or has no name!
17-03-2025 19:22:54.575> GetLayerName: Layer 4 does not exist or has no name!
17-03-2025 19:22:54.575> GetLayerName: Layer 5 does not exist or has no name!
17-03-2025 19:22:54.575> GetLayerName: Layer 6 does not exist or has no name!
17-03-2025 19:22:54.575> GetLayerName: Layer 7 does not exist or has no name!
17-03-2025 19:22:54.575> GetLayerName: Layer 8 does not exist or has no name!
17-03-2025 19:22:54.575> GetLayerName: Layer 9 does not exist or has no name!
17-03-2025 19:22:54.593> Loaded 0 application specific profiles (0 normal and 0 custom window).
17-03-2025 19:22:55.699> CMyMessageWnd::OnSetup   -   Setup dialog closed.
17-03-2025 19:22:55.703> Loaded 0 application specific profiles (0 normal and 0 custom window).
17-03-2025 19:23:00.737> You are using the latest available version of X-Mouse Button Control.

*******************************************************************************************************************************************
18-03-2025 12:04:27.135> X-Mouse Button Control v2.20.5 (x64) Startup. Commandline '/notportable /delay'
18-03-2025 12:04:27.135> Running in high integrity mode (as Administrator) (0x00003000)
18-03-2025 12:04:27.150> Loaded 0 application specific profiles (0 normal and 0 custom window).
18-03-2025 12:04:27.150> Running on Microsoft Windows 10 Professional Edition (build 19045), 64-bit, Hook Timeout: 200 ms
18-03-2025 12:04:27.150> Warning: Low Level Hook Timeout is low. If you have problems try increasing this value.
18-03-2025 12:04:27.150> Startup folder: 'C:\Program Files\Highresolution Enterprises\X-Mouse Button Control\'
18-03-2025 12:04:27.150> Settings (and log) folder: 'C:\Users\Izuk\Programs\Xmouse\'
18-03-2025 12:04:27.197> XMBC has detected that the desktop is locked during startup. Skipping hook installation, wait until logon is complete.
18-03-2025 12:05:49.326> HookThreadProc[0x1F30]: Using keyboard language 0x04090409
18-03-2025 12:06:27.215> You are using the latest available version of X-Mouse Button Control.
18-03-2025 18:06:27.212> You are using the latest available version of X-Mouse Button Control.

*******************************************************************************************************************************************
18-03-2025 19:56:08.390> X-Mouse Button Control v2.20.5 (x64) Startup. Commandline '/notportable /delay'
18-03-2025 19:56:08.400> Running in high integrity mode (as Administrator) (0x00003000)
18-03-2025 19:56:08.415> Loaded 0 application specific profiles (0 normal and 0 custom window).
18-03-2025 19:56:08.416> Running on Microsoft Windows 10 Professional Edition (build 19045), 64-bit, Hook Timeout: 200 ms
18-03-2025 19:56:08.416> Warning: Low Level Hook Timeout is low. If you have problems try increasing this value.
18-03-2025 19:56:08.416> Startup folder: 'C:\Program Files\Highresolution Enterprises\X-Mouse Button Control\'
18-03-2025 19:56:08.416> Settings (and log) folder: 'C:\Users\Izuk\Programs\Xmouse\'
18-03-2025 19:56:08.606> HookThreadProc[0x2720]: Using keyboard language 0x04090409
18-03-2025 19:58:08.646> You are using the latest available version of X-Mouse Button Control.

*******************************************************************************************************************************************
18-03-2025 20:10:34.369> X-Mouse Button Control v2.20.5 (x64) Startup. Commandline '/notportable /delay'
18-03-2025 20:10:34.374> Running in high integrity mode (as Administrator) (0x00003000)
18-03-2025 20:10:34.392> Loaded 0 application specific profiles (0 normal and 0 custom window).
18-03-2025 20:10:34.392> Running on Microsoft Windows 10 Professional Edition (build 19045), 64-bit, Hook Timeout: 200 ms
18-03-2025 20:10:34.392> Warning: Low Level Hook Timeout is low. If you have problems try increasing this value.
18-03-2025 20:10:34.392> Startup folder: 'C:\Program Files\Highresolution Enterprises\X-Mouse Button Control\'
18-03-2025 20:10:34.392> Settings (and log) folder: 'C:\Users\Izuk\Programs\Xmouse\'
18-03-2025 20:10:34.521> HookThreadProc[0x241C]: Using keyboard language 0x04090409
18-03-2025 20:12:34.567> You are using the latest available version of X-Mouse Button Control.

*******************************************************************************************************************************************
18-03-2025 20:13:54.343> X-Mouse Button Control v2.20.5 (x64) Startup. Commandline '/notportable /delay'
18-03-2025 20:13:54.355> Running in high integrity mode (as Administrator) (0x00003000)
18-03-2025 20:13:54.373> Loaded 0 application specific profiles (0 normal and 0 custom window).
18-03-2025 20:13:54.374> Running on Microsoft Windows 10 Professional Edition (build 19045), 64-bit, Hook Timeout: 200 ms
18-03-2025 20:13:54.374> Warning: Low Level Hook Timeout is low. If you have problems try increasing this value.
18-03-2025 20:13:54.374> Startup folder: 'C:\Program Files\Highresolution Enterprises\X-Mouse Button Control\'
18-03-2025 20:13:54.374> Settings (and log) folder: 'C:\Users\Izuk\Programs\Xmouse\'
18-03-2025 20:13:54.482> HookThreadProc[0x2BF0]: Using keyboard language 0x04090409
18-03-2025 20:15:54.522> You are using the latest available version of X-Mouse Button Control.
18-03-2025 20:22:45.995> Session Unlock: Reinstall mouse hook on resume is enabled, and we last installed hooks more than 30sec ago - Resetting hooks on session logon...
18-03-2025 20:22:46.238> HookThreadProc[0x2BC8]: Using keyboard language 0x04090409

*******************************************************************************************************************************************
18-03-2025 20:23:56.936> X-Mouse Button Control v2.20.5 (x64) Startup. Commandline '/notportable /delay'
18-03-2025 20:23:56.936> Running in high integrity mode (as Administrator) (0x00003000)
18-03-2025 20:23:56.966> Loaded 0 application specific profiles (0 normal and 0 custom window).
18-03-2025 20:23:56.966> Running on Microsoft Windows 10 Professional Edition (build 19045), 64-bit, Hook Timeout: 200 ms
18-03-2025 20:23:56.966> Warning: Low Level Hook Timeout is low. If you have problems try increasing this value.
18-03-2025 20:23:56.966> Startup folder: 'C:\Program Files\Highresolution Enterprises\X-Mouse Button Control\'
18-03-2025 20:23:56.966> Settings (and log) folder: 'C:\Users\Izuk\Programs\Xmouse\'
18-03-2025 20:23:57.146> HookThreadProc[0x9D0]: Using keyboard language 0x04090409
18-03-2025 20:25:30.518> Power State: System is suspending operation.
18-03-2025 20:25:30.518> Power State: Reinstall mouse hook on resume is enabled. Remove hook before suspending...
19-03-2025 13:06:46.399> Power State: Operation resuming automatically after event.
19-03-2025 13:06:46.434> Power State: Reinstall mouse hook on resume is enabled. Re-hooking mouse...
19-03-2025 13:06:47.127> CGenericThreadLock::Destructor The lock for 'CDebugLogQueue::PushDebugLog' took 641ms to release!
19-03-2025 13:06:47.238> Loaded 0 application specific profiles (0 normal and 0 custom window).
19-03-2025 13:06:48.726> HookThreadProc[0x28E0]: Using keyboard language 0x04090409
19-03-2025 13:06:48.726> CGenericThreadLock::Destructor The lock for 'CDebugLogQueue::PushDebugLog' took 1485ms to release!
19-03-2025 13:07:34.653> Session Unlock: Reinstall mouse hook on resume is enabled, and we last installed hooks more than 30sec ago - Resetting hooks on session logon...
19-03-2025 13:07:34.837> HookThreadProc[0x150C]: Using keyboard language 0x04090409
19-03-2025 13:08:46.503> You are using the latest available version of X-Mouse Button Control.
19-03-2025 14:12:59.722> MultInstance: Sending command line '/notportable' to an existing instance of X-Mouse Button Control
19-03-2025 14:12:59.734> MultInstance: Successfully finished communicating with the first instance of X-Mouse Button Control.
19-03-2025 14:12:59.734> Received 2048 bytes on the IPC named pipe.
19-03-2025 14:12:59.735> Received 2048 bytes on the IPC named pipe.
19-03-2025 14:12:59.735> MultInstance: Successfully finished communicating with the first instance of X-Mouse Button Control.
19-03-2025 14:12:59.735> Received 2048 bytes on the IPC named pipe.
19-03-2025 14:12:59.735> MultInstance: Successfully finished communicating with the first instance of X-Mouse Button Control.
19-03-2025 14:12:59.761> CMyMessageWnd::OnSetup   -   Opening setup dialog.
19-03-2025 14:12:59.813> Loaded 0 application specific profiles (0 normal and 0 custom window).



19-03-2025 14:13:00.002> Received message with data 0x80000204 from another instance of X-Mouse Button Control.
19-03-2025 14:13:00.025> Received message with data 0x80000204 from another instance of X-Mouse Button Control.
19-03-2025 14:13:28.919> Applying changes to X-Mouse Button Control settings...
19-03-2025 14:13:28.941> Loaded 0 application specific profiles (0 normal and 0 custom window).
19-03-2025 14:21:29.164> CMyMessageWnd::OnSetup   -   Setup dialog closed.
19-03-2025 14:21:29.176> Loaded 0 application specific profiles (0 normal and 0 custom window).
19-03-2025 14:21:34.175> You are using the latest available version of X-Mouse Button Control.
19-03-2025 14:30:39.165> MultInstance: Sending command line '/notportable' to an existing instance of X-Mouse Button Control
19-03-2025 14:30:39.173> Received 2048 bytes on the IPC named pipe.
19-03-2025 14:30:39.173> MultInstance: Successfully finished communicating with the first instance of X-Mouse Button Control.
19-03-2025 14:30:39.173> Received message with data 0x80000204 from another instance of X-Mouse Button Control.
19-03-2025 14:30:39.186> CMyMessageWnd::OnSetup   -   Opening setup dialog.
19-03-2025 14:30:39.202> Loaded 0 application specific profiles (0 normal and 0 custom window).

19-03-2025 14:31:39.281> Applying changes to X-Mouse Button Control settings...
19-03-2025 14:31:39.299> Loaded 0 application specific profiles (0 normal and 0 custom window).
19-03-2025 14:31:57.955> CMyMessageWnd::OnSetup   -   Setup dialog closed.
19-03-2025 14:31:57.970> Loaded 0 application specific profiles (0 normal and 0 custom window).
19-03-2025 14:32:02.975> You are using the latest available version of X-Mouse Button Control.
19-03-2025 18:26:45.532> Power State: System is suspending operation.
19-03-2025 18:26:45.533> Power State: Reinstall mouse hook on resume is enabled. Remove hook before suspending...
19-03-2025 19:35:53.129> Power State: Operation resuming automatically after event.
19-03-2025 19:35:53.129> Power State: Reinstall mouse hook on resume is enabled. Re-hooking mouse...
19-03-2025 19:35:53.292> Loaded 0 application specific profiles (0 normal and 0 custom window).
19-03-2025 19:35:55.861> HookThreadProc[0x17F8]: Using keyboard language 0x04090409
19-03-2025 19:35:55.861> CGenericThreadLock::Destructor The lock for 'CDebugLogQueue::PushDebugLog' took 2562ms to release!
19-03-2025 19:37:53.172> You are using the latest available version of X-Mouse Button Control.
19-03-2025 19:39:55.941> Session Unlock: Reinstall mouse hook on resume is enabled, and we last installed hooks more than 30sec ago - Resetting hooks on session logon...
19-03-2025 19:39:56.015> HookThreadProc[0x3CD4]: Using keyboard language 0x04090409

*******************************************************************************************************************************************
20-03-2025 14:26:25.075> X-Mouse Button Control v2.20.5 (x64) Startup. Commandline '/notportable /delay'
20-03-2025 14:26:25.094> Running in high integrity mode (as Administrator) (0x00003000)
20-03-2025 14:26:25.100> Loaded 0 application specific profiles (0 normal and 0 custom window).
20-03-2025 14:26:25.101> Running on Microsoft Windows 10 Professional Edition (build 19045), 64-bit, Hook Timeout: 200 ms
20-03-2025 14:26:25.101> Warning: Low Level Hook Timeout is low. If you have problems try increasing this value.
20-03-2025 14:26:25.101> Startup folder: 'C:\Program Files\Highresolution Enterprises\X-Mouse Button Control\'
20-03-2025 14:26:25.101> Settings (and log) folder: 'C:\Users\Izuk\Programs\Xmouse\'
20-03-2025 14:26:25.137> XMBC has detected that the desktop is locked during startup. Skipping hook installation, wait until logon is complete.
20-03-2025 14:26:57.816> HookThreadProc[0xC68]: Using keyboard language 0x04090409
20-03-2025 14:28:25.164> You are using the latest available version of X-Mouse Button Control.

*******************************************************************************************************************************************
20-03-2025 18:23:46.442> X-Mouse Button Control v2.20.5 (x64) Startup. Commandline '/notportable /delay'
20-03-2025 18:23:46.442> Running in high integrity mode (as Administrator) (0x00003000)
20-03-2025 18:23:46.463> Loaded 0 application specific profiles (0 normal and 0 custom window).
20-03-2025 18:23:46.463> Running on Microsoft Windows 10 Professional Edition (build 19045), 64-bit, Hook Timeout: 200 ms
20-03-2025 18:23:46.463> Warning: Low Level Hook Timeout is low. If you have problems try increasing this value.
20-03-2025 18:23:46.463> Startup folder: 'C:\Program Files\Highresolution Enterprises\X-Mouse Button Control\'
20-03-2025 18:23:46.463> Settings (and log) folder: 'C:\Users\Izuk\Programs\Xmouse\'
20-03-2025 18:23:46.522> XMBC has detected that the desktop is locked during startup. Skipping hook installation, wait until logon is complete.
20-03-2025 18:23:51.329> HookThreadProc[0x2CA8]: Using keyboard language 0x04090409
20-03-2025 18:25:46.569> You are using the latest available version of X-Mouse Button Control.

*******************************************************************************************************************************************
21-03-2025 11:09:10.886> X-Mouse Button Control v2.20.5 (x64) Startup. Commandline '/notportable /delay'
21-03-2025 11:09:10.919> Running in high integrity mode (as Administrator) (0x00003000)
21-03-2025 11:09:10.935> Loaded 0 application specific profiles (0 normal and 0 custom window).
21-03-2025 11:09:10.935> Running on Microsoft Windows 10 Professional Edition (build 19045), 64-bit, Hook Timeout: 200 ms
21-03-2025 11:09:10.935> Warning: Low Level Hook Timeout is low. If you have problems try increasing this value.
21-03-2025 11:09:10.935> Startup folder: 'C:\Program Files\Highresolution Enterprises\X-Mouse Button Control\'
21-03-2025 11:09:10.935> Settings (and log) folder: 'C:\Users\Izuk\Programs\Xmouse\'
21-03-2025 11:09:10.999> XMBC has detected that the desktop is locked during startup. Skipping hook installation, wait until logon is complete.
21-03-2025 11:11:11.043> You are using the latest available version of X-Mouse Button Control.
21-03-2025 11:41:23.216> Power State: System is suspending operation.
21-03-2025 11:41:23.216> Power State: Reinstall mouse hook on resume is enabled. Remove hook before suspending...
21-03-2025 11:44:04.742> Power State: Operation resuming automatically after event.
21-03-2025 11:44:04.742> Power State: Reinstall mouse hook on resume is enabled. Re-hooking mouse...
21-03-2025 11:44:04.906> Loaded 0 application specific profiles (0 normal and 0 custom window).
21-03-2025 11:44:07.794> HookThreadProc[0x2854]: Using keyboard language 0x04090409
21-03-2025 11:44:07.794> CGenericThreadLock::Destructor The lock for 'CDebugLogQueue::PushDebugLog' took 2891ms to release!
21-03-2025 11:44:09.378> HookThreadProc[0x3AB0]: Using keyboard language 0x04090409
21-03-2025 11:46:04.780> You are using the latest available version of X-Mouse Button Control.
21-03-2025 17:26:01.075> Power State: System is suspending operation.
21-03-2025 17:26:01.076> Power State: Reinstall mouse hook on resume is enabled. Remove hook before suspending...

*******************************************************************************************************************************************
21-03-2025 22:38:10.295> X-Mouse Button Control v2.20.5 (x64) Startup. Commandline '/notportable /delay'
21-03-2025 22:38:10.304> Running in high integrity mode (as Administrator) (0x00003000)
21-03-2025 22:38:10.318> Loaded 0 application specific profiles (0 normal and 0 custom window).
21-03-2025 22:38:10.318> Running on Microsoft Windows 10 Professional Edition (build 19045), 64-bit, Hook Timeout: 200 ms
21-03-2025 22:38:10.318> Warning: Low Level Hook Timeout is low. If you have problems try increasing this value.
21-03-2025 22:38:10.318> Startup folder: 'C:\Program Files\Highresolution Enterprises\X-Mouse Button Control\'
21-03-2025 22:38:10.318> Settings (and log) folder: 'C:\Users\Izuk\Programs\Xmouse\'
21-03-2025 22:38:10.513> HookThreadProc[0x25D0]: Using keyboard language 0x04090409
21-03-2025 22:40:10.574> You are using the latest available version of X-Mouse Button Control.

*******************************************************************************************************************************************
22-03-2025 07:31:14.585> X-Mouse Button Control v2.20.5 (x64) Startup. Commandline '/notportable /delay'
22-03-2025 07:31:14.585> Running in high integrity mode (as Administrator) (0x00003000)
22-03-2025 07:31:14.601> Loaded 0 application specific profiles (0 normal and 0 custom window).
22-03-2025 07:31:14.601> Running on Microsoft Windows 10 Professional Edition (build 19045), 64-bit, Hook Timeout: 200 ms
22-03-2025 07:31:14.601> Warning: Low Level Hook Timeout is low. If you have problems try increasing this value.
22-03-2025 07:31:14.601> Startup folder: 'C:\Program Files\Highresolution Enterprises\X-Mouse Button Control\'
22-03-2025 07:31:14.601> Settings (and log) folder: 'C:\Users\Izuk\Programs\Xmouse\'
22-03-2025 07:31:14.698> XMBC has detected that the desktop is locked during startup. Skipping hook installation, wait until logon is complete.
22-03-2025 07:33:14.723> You are using the latest available version of X-Mouse Button Control.
22-03-2025 07:56:36.279> HookThreadProc[0x14A0]: Using keyboard language 0x04090409
22-03-2025 13:33:11.016> You are using the latest available version of X-Mouse Button Control.

*******************************************************************************************************************************************
23-03-2025 11:39:11.359> X-Mouse Button Control v2.20.5 (x64) Startup. Commandline '/notportable /delay'
23-03-2025 11:39:11.359> Running in high integrity mode (as Administrator) (0x00003000)
23-03-2025 11:39:11.366> Loaded 0 application specific profiles (0 normal and 0 custom window).
23-03-2025 11:39:11.366> Running on Microsoft Windows 10 Professional Edition (build 19045), 64-bit, Hook Timeout: 200 ms
23-03-2025 11:39:11.366> Warning: Low Level Hook Timeout is low. If you have problems try increasing this value.
23-03-2025 11:39:11.366> Startup folder: 'C:\Program Files\Highresolution Enterprises\X-Mouse Button Control\'
23-03-2025 11:39:11.366> Settings (and log) folder: 'C:\Users\Izuk\Programs\Xmouse\'
23-03-2025 11:39:11.430> XMBC has detected that the desktop is locked during startup. Skipping hook installation, wait until logon is complete.
23-03-2025 11:41:11.463> You are using the latest available version of X-Mouse Button Control.
23-03-2025 12:11:01.339> Power State: System is suspending operation.
23-03-2025 12:11:01.339> Power State: Reinstall mouse hook on resume is enabled. Remove hook before suspending...
23-03-2025 12:37:36.744> Power State: Operation resuming automatically after event.
23-03-2025 12:37:36.744> Power State: Reinstall mouse hook on resume is enabled. Re-hooking mouse...
23-03-2025 12:37:37.383> Loaded 0 application specific profiles (0 normal and 0 custom window).
23-03-2025 12:37:37.383> CThreadLock::Destructor The lock for 'LoadSettings' took 547ms to release!
23-03-2025 12:37:37.383> CThreadLock::Destructor The lock for 'LoadSettings' took 547ms to release!
23-03-2025 12:37:40.468> HookThreadProc[0x2850]: Using keyboard language 0x04090409
23-03-2025 12:37:40.468> CGenericThreadLock::Destructor The lock for 'CDebugLogQueue::PushDebugLog' took 3078ms to release!
23-03-2025 12:37:45.500> HookThreadProc[0x1B18]: Using keyboard language 0x04090409
23-03-2025 12:39:36.768> You are using the latest available version of X-Mouse Button Control.

*******************************************************************************************************************************************
24-03-2025 19:02:49.807> X-Mouse Button Control v2.20.5 (x64) Startup. Commandline '/notportable /delay'
24-03-2025 19:02:49.823> Running in high integrity mode (as Administrator) (0x00003000)
24-03-2025 19:02:49.839> Loaded 0 application specific profiles (0 normal and 0 custom window).
24-03-2025 19:02:49.839> Running on Microsoft Windows 10 Professional Edition (build 19045), 64-bit, Hook Timeout: 200 ms
24-03-2025 19:02:49.839> Warning: Low Level Hook Timeout is low. If you have problems try increasing this value.
24-03-2025 19:02:49.839> Startup folder: 'C:\Program Files\Highresolution Enterprises\X-Mouse Button Control\'
24-03-2025 19:02:49.839> Settings (and log) folder: 'C:\Users\Izuk\Programs\Xmouse\'
24-03-2025 19:02:50.049> HookThreadProc[0x2920]: Using keyboard language 0x04090409
24-03-2025 19:04:50.082> You are using the latest available version of X-Mouse Button Control.

*******************************************************************************************************************************************
25-03-2025 18:50:43.308> X-Mouse Button Control v2.20.5 (x64) Startup. Commandline '/notportable /delay'
25-03-2025 18:50:43.310> Running in high integrity mode (as Administrator) (0x00003000)
25-03-2025 18:50:43.323> Loaded 0 application specific profiles (0 normal and 0 custom window).
25-03-2025 18:50:43.323> Running on Microsoft Windows 10 Professional Edition (build 19045), 64-bit, Hook Timeout: 200 ms
25-03-2025 18:50:43.323> Warning: Low Level Hook Timeout is low. If you have problems try increasing this value.
25-03-2025 18:50:43.323> Startup folder: 'C:\Program Files\Highresolution Enterprises\X-Mouse Button Control\'
25-03-2025 18:50:43.323> Settings (and log) folder: 'C:\Users\Izuk\Programs\Xmouse\'
25-03-2025 18:50:43.631> XMBC has detected that the desktop is locked during startup. Skipping hook installation, wait until logon is complete.
25-03-2025 18:52:43.659> You are using the latest available version of X-Mouse Button Control.
25-03-2025 18:52:57.237> HookThreadProc[0x674]: Using keyboard language 0x04090409

*******************************************************************************************************************************************
28-03-2025 14:13:09.814> X-Mouse Button Control v2.20.5 (x64) Startup. Commandline '/notportable /delay'
28-03-2025 14:13:09.992> Running in high integrity mode (as Administrator) (0x00003000)
28-03-2025 14:13:10.090> Loaded 0 application specific profiles (0 normal and 0 custom window).
28-03-2025 14:13:10.090> Running on Microsoft Windows 10 Professional Edition (build 19045), 64-bit, Hook Timeout: 200 ms
28-03-2025 14:13:10.090> Warning: Low Level Hook Timeout is low. If you have problems try increasing this value.
28-03-2025 14:13:10.090> Startup folder: 'C:\Program Files\Highresolution Enterprises\X-Mouse Button Control\'
28-03-2025 14:13:10.090> Settings (and log) folder: 'C:\Users\Izuk\Programs\Xmouse\'
28-03-2025 14:13:10.512> HookThreadProc[0x169C]: Using keyboard language 0x04090409
28-03-2025 14:15:10.558> You are using the latest available version of X-Mouse Button Control.
28-03-2025 20:15:10.579> You are using the latest available version of X-Mouse Button Control.

*******************************************************************************************************************************************
29-03-2025 08:07:46.523> X-Mouse Button Control v2.20.5 (x64) Startup. Commandline '/notportable /delay'
29-03-2025 08:07:46.523> Running in high integrity mode (as Administrator) (0x00003000)
29-03-2025 08:07:46.540> Loaded 0 application specific profiles (0 normal and 0 custom window).
29-03-2025 08:07:46.540> Running on Microsoft Windows 10 Professional Edition (build 19045), 64-bit, Hook Timeout: 200 ms
29-03-2025 08:07:46.540> Warning: Low Level Hook Timeout is low. If you have problems try increasing this value.
29-03-2025 08:07:46.540> Startup folder: 'C:\Program Files\Highresolution Enterprises\X-Mouse Button Control\'
29-03-2025 08:07:46.540> Settings (and log) folder: 'C:\Users\Izuk\Programs\Xmouse\'
29-03-2025 08:07:46.610> XMBC has detected that the desktop is locked during startup. Skipping hook installation, wait until logon is complete.
29-03-2025 08:09:46.632> You are using the latest available version of X-Mouse Button Control.
29-03-2025 08:17:19.671> HookThreadProc[0x2724]: Using keyboard language 0x04090409
29-03-2025 14:09:46.646> You are using the latest available version of X-Mouse Button Control.

*******************************************************************************************************************************************
30-03-2025 12:12:05.759> X-Mouse Button Control v2.20.5 (x64) Startup. Commandline '/notportable /delay'
30-03-2025 12:12:05.759> Running in high integrity mode (as Administrator) (0x00003000)
30-03-2025 12:12:05.775> Loaded 0 application specific profiles (0 normal and 0 custom window).
30-03-2025 12:12:05.775> Running on Microsoft Windows 10 Professional Edition (build 19045), 64-bit, Hook Timeout: 200 ms
30-03-2025 12:12:05.775> Warning: Low Level Hook Timeout is low. If you have problems try increasing this value.
30-03-2025 12:12:05.775> Startup folder: 'C:\Program Files\Highresolution Enterprises\X-Mouse Button Control\'
30-03-2025 12:12:05.775> Settings (and log) folder: 'C:\Users\Izuk\Programs\Xmouse\'
30-03-2025 12:12:05.969> HookThreadProc[0x19B4]: Using keyboard language 0x04090409
30-03-2025 12:14:05.988> You are using the latest available version of X-Mouse Button Control.
30-03-2025 18:14:06.000> You are using the latest available version of X-Mouse Button Control.
30-03-2025 18:20:21.689> Power State: System is suspending operation.
30-03-2025 18:20:21.689> Power State: Reinstall mouse hook on resume is enabled. Remove hook before suspending...
30-03-2025 18:21:26.760> Power State: Operation resuming automatically after event.
30-03-2025 18:21:26.760> Power State: Reinstall mouse hook on resume is enabled. Re-hooking mouse...
30-03-2025 18:21:27.029> Loaded 0 application specific profiles (0 normal and 0 custom window).
30-03-2025 18:21:30.755> HookThreadProc[0x2D40]: Using keyboard language 0x04090409
30-03-2025 18:21:30.755> CGenericThreadLock::Destructor The lock for 'CDebugLogQueue::PushDebugLog' took 3719ms to release!
30-03-2025 18:21:36.346> Session Unlock: Reinstall mouse hook on resume is enabled but we only installed hooks 5593ms ago - Ignoring session unlock.
30-03-2025 18:23:26.748> You are using the latest available version of X-Mouse Button Control.

*******************************************************************************************************************************************
31-03-2025 18:58:03.020> X-Mouse Button Control v2.20.5 (x64) Startup. Commandline '/notportable /delay'
31-03-2025 18:58:03.020> Running in high integrity mode (as Administrator) (0x00003000)
31-03-2025 18:58:03.037> Loaded 0 application specific profiles (0 normal and 0 custom window).
31-03-2025 18:58:03.037> Running on Microsoft Windows 10 Professional Edition (build 19045), 64-bit, Hook Timeout: 200 ms
31-03-2025 18:58:03.037> Warning: Low Level Hook Timeout is low. If you have problems try increasing this value.
31-03-2025 18:58:03.037> Startup folder: 'C:\Program Files\Highresolution Enterprises\X-Mouse Button Control\'
31-03-2025 18:58:03.037> Settings (and log) folder: 'C:\Users\Izuk\Programs\Xmouse\'
31-03-2025 18:58:03.101> XMBC has detected that the desktop is locked during startup. Skipping hook installation, wait until logon is complete.
31-03-2025 18:59:22.720> HookThreadProc[0xAE8]: Using keyboard language 0x04090409
31-03-2025 19:00:03.158> You are using the latest available version of X-Mouse Button Control.

*******************************************************************************************************************************************
01-04-2025 18:52:23.982> X-Mouse Button Control v2.20.5 (x64) Startup. Commandline '/notportable /delay'
01-04-2025 18:52:24.008> Running in high integrity mode (as Administrator) (0x00003000)
01-04-2025 18:52:24.046> Loaded 0 application specific profiles (0 normal and 0 custom window).
01-04-2025 18:52:24.048> Running on Microsoft Windows 10 Professional Edition (build 19045), 64-bit, Hook Timeout: 200 ms
01-04-2025 18:52:24.048> Warning: Low Level Hook Timeout is low. If you have problems try increasing this value.
01-04-2025 18:52:24.048> Startup folder: 'C:\Program Files\Highresolution Enterprises\X-Mouse Button Control\'
01-04-2025 18:52:24.048> Settings (and log) folder: 'C:\Users\Izuk\Programs\Xmouse\'
01-04-2025 18:52:24.481> HookThreadProc[0x2F00]: Using keyboard language 0x04090409
01-04-2025 18:54:24.526> You are using the latest available version of X-Mouse Button Control.

*******************************************************************************************************************************************
03-04-2025 18:44:02.210> X-Mouse Button Control v2.20.5 (x64) Startup. Commandline '/notportable /delay'
03-04-2025 18:44:02.213> Running in high integrity mode (as Administrator) (0x00003000)
03-04-2025 18:44:02.224> Loaded 0 application specific profiles (0 normal and 0 custom window).
03-04-2025 18:44:02.224> Running on Microsoft Windows 10 Professional Edition (build 19045), 64-bit, Hook Timeout: 200 ms
03-04-2025 18:44:02.224> Warning: Low Level Hook Timeout is low. If you have problems try increasing this value.
03-04-2025 18:44:02.224> Startup folder: 'C:\Program Files\Highresolution Enterprises\X-Mouse Button Control\'
03-04-2025 18:44:02.224> Settings (and log) folder: 'C:\Users\Izuk\Programs\Xmouse\'
03-04-2025 18:44:02.309> XMBC has detected that the desktop is locked during startup. Skipping hook installation, wait until logon is complete.
03-04-2025 18:46:02.339> You are using the latest available version of X-Mouse Button Control.
03-04-2025 18:46:33.800> HookThreadProc[0x1440]: Using keyboard language 0x04090409

*******************************************************************************************************************************************
04-04-2025 13:45:21.114> X-Mouse Button Control v2.20.5 (x64) Startup. Commandline '/notportable /delay'
04-04-2025 13:45:21.114> Running in high integrity mode (as Administrator) (0x00003000)
04-04-2025 13:45:21.131> Loaded 0 application specific profiles (0 normal and 0 custom window).
04-04-2025 13:45:21.131> Running on Microsoft Windows 10 Professional Edition (build 19045), 64-bit, Hook Timeout: 200 ms
04-04-2025 13:45:21.131> Warning: Low Level Hook Timeout is low. If you have problems try increasing this value.
04-04-2025 13:45:21.131> Startup folder: 'C:\Program Files\Highresolution Enterprises\X-Mouse Button Control\'
04-04-2025 13:45:21.131> Settings (and log) folder: 'C:\Users\Izuk\Programs\Xmouse\'
04-04-2025 13:45:21.195> XMBC has detected that the desktop is locked during startup. Skipping hook installation, wait until logon is complete.
04-04-2025 13:47:21.238> You are using the latest available version of X-Mouse Button Control.
04-04-2025 13:47:56.811> HookThreadProc[0xB38]: Using keyboard language 0x04090409

*******************************************************************************************************************************************
05-04-2025 11:41:38.563> X-Mouse Button Control v2.20.5 (x64) Startup. Commandline '/notportable /delay'
05-04-2025 11:41:38.563> Running in high integrity mode (as Administrator) (0x00003000)
05-04-2025 11:41:38.612> Loaded 0 application specific profiles (0 normal and 0 custom window).
05-04-2025 11:41:38.628> Running on Microsoft Windows 10 Professional Edition (build 19045), 64-bit, Hook Timeout: 200 ms
05-04-2025 11:41:38.628> Warning: Low Level Hook Timeout is low. If you have problems try increasing this value.
05-04-2025 11:41:38.628> Startup folder: 'C:\Program Files\Highresolution Enterprises\X-Mouse Button Control\'
05-04-2025 11:41:38.628> Settings (and log) folder: 'C:\Users\Izuk\Programs\Xmouse\'
05-04-2025 11:41:39.001> HookThreadProc[0x30DC]: Using keyboard language 0x04090409
05-04-2025 11:43:39.060> You are using the latest available version of X-Mouse Button Control.
05-04-2025 11:57:05.827> ***************************************************************************
05-04-2025 11:57:05.881> WARNING: Mouse hook has taken too long (203 ms). Hook may be disabled.
05-04-2025 11:57:05.882> MouseHookData: Msg=0x0200 (WM_MOUSEMOVE), X=1809, Y=368, Data=0x00000000, Flags=0x00000000, Time=148459234, Info=0x0, Ptr=0x10314, Layer=0
05-04-2025 11:57:05.882> ***************************************************************************

*******************************************************************************************************************************************
06-04-2025 18:12:03.438> X-Mouse Button Control v2.20.5 (x64) Startup. Commandline '/notportable /delay'
06-04-2025 18:12:04.589> Running in high integrity mode (as Administrator) (0x00003000)
06-04-2025 18:12:05.289> Loaded 0 application specific profiles (0 normal and 0 custom window).
06-04-2025 18:12:05.456> CThreadLock::Destructor The lock for 'LoadSettings' took 547ms to release!
06-04-2025 18:12:05.456> CThreadLock::Destructor The lock for 'LoadSettings' took 734ms to release!
06-04-2025 18:12:05.456> Running on Microsoft Windows 10 Professional Edition (build 19045), 64-bit, Hook Timeout: 200 ms
06-04-2025 18:12:05.456> Warning: Low Level Hook Timeout is low. If you have problems try increasing this value.
06-04-2025 18:12:05.456> Startup folder: 'C:\Program Files\Highresolution Enterprises\X-Mouse Button Control\'
06-04-2025 18:12:05.456> Settings (and log) folder: 'C:\Users\Izuk\Programs\Xmouse\'
06-04-2025 18:12:07.621> CGenericThreadLock::Destructor The lock for 'CDebugLogQueue::PushDebugLog' took 1735ms to release!
06-04-2025 18:12:07.621> CThreadLock::Destructor The lock for 'HookThread Init' took 1735ms to release!
06-04-2025 18:12:08.292> HookThreadProc[0x864]: Using keyboard language 0x04090409
06-04-2025 18:12:08.292> CGenericThreadLock::Destructor The lock for 'CDebugLogQueue::PushDebugLog' took 2782ms to release!
06-04-2025 18:12:08.310> CAudioThreadLock::Destructor The lock for 'CVolumeManager(SendInput Thread 3960)::CVolumeManager' took 687ms to release!
06-04-2025 18:14:08.363> You are using the latest available version of X-Mouse Button Control.

*******************************************************************************************************************************************
07-04-2025 18:52:38.369> X-Mouse Button Control v2.20.5 (x64) Startup. Commandline '/notportable /delay'
07-04-2025 18:52:38.369> Running in high integrity mode (as Administrator) (0x00003000)
07-04-2025 18:52:38.385> Loaded 0 application specific profiles (0 normal and 0 custom window).
07-04-2025 18:52:38.385> Running on Microsoft Windows 10 Professional Edition (build 19045), 64-bit, Hook Timeout: 200 ms
07-04-2025 18:52:38.385> Warning: Low Level Hook Timeout is low. If you have problems try increasing this value.
07-04-2025 18:52:38.385> Startup folder: 'C:\Program Files\Highresolution Enterprises\X-Mouse Button Control\'
07-04-2025 18:52:38.385> Settings (and log) folder: 'C:\Users\Izuk\Programs\Xmouse\'
07-04-2025 18:52:38.466> HookThreadProc[0x1A68]: Using keyboard language 0x04090409
07-04-2025 18:54:38.511> You are using the latest available version of X-Mouse Button Control.

*******************************************************************************************************************************************
08-04-2025 20:40:03.037> X-Mouse Button Control v2.20.5 (x64) Startup. Commandline '/notportable /delay'
08-04-2025 20:40:03.042> Running in high integrity mode (as Administrator) (0x00003000)
08-04-2025 20:40:03.057> Loaded 0 application specific profiles (0 normal and 0 custom window).
08-04-2025 20:40:03.057> Running on Microsoft Windows 10 Professional Edition (build 19045), 64-bit, Hook Timeout: 200 ms
08-04-2025 20:40:03.057> Warning: Low Level Hook Timeout is low. If you have problems try increasing this value.
08-04-2025 20:40:03.057> Startup folder: 'C:\Program Files\Highresolution Enterprises\X-Mouse Button Control\'
08-04-2025 20:40:03.057> Settings (and log) folder: 'C:\Users\Izuk\Programs\Xmouse\'
08-04-2025 20:40:03.566> HookThreadProc[0x347C]: Using keyboard language 0x04090409
08-04-2025 20:42:03.598> You are using the latest available version of X-Mouse Button Control.

*******************************************************************************************************************************************
09-04-2025 18:56:25.175> X-Mouse Button Control v2.20.5 (x64) Startup. Commandline '/notportable /delay'
09-04-2025 18:56:25.483> Running in high integrity mode (as Administrator) (0x00003000)
09-04-2025 18:56:25.499> Loaded 0 application specific profiles (0 normal and 0 custom window).
09-04-2025 18:56:25.499> Running on Microsoft Windows 10 Professional Edition (build 19045), 64-bit, Hook Timeout: 200 ms
09-04-2025 18:56:25.499> Warning: Low Level Hook Timeout is low. If you have problems try increasing this value.
09-04-2025 18:56:25.499> Startup folder: 'C:\Program Files\Highresolution Enterprises\X-Mouse Button Control\'
09-04-2025 18:56:25.499> Settings (and log) folder: 'C:\Users\Izuk\Programs\Xmouse\'
09-04-2025 18:56:25.873> XMBC has detected that the desktop is locked during startup. Skipping hook installation, wait until logon is complete.
09-04-2025 18:57:01.141> HookThreadProc[0x156C]: Using keyboard language 0x04090409
09-04-2025 18:58:25.941> You are using the latest available version of X-Mouse Button Control.

*******************************************************************************************************************************************
11-04-2025 14:33:02.296> X-Mouse Button Control v2.20.5 (x64) Startup. Commandline '/notportable /delay'
11-04-2025 14:33:02.331> Running in high integrity mode (as Administrator) (0x00003000)
11-04-2025 14:33:02.336> Loaded 0 application specific profiles (0 normal and 0 custom window).
11-04-2025 14:33:02.337> Running on Microsoft Windows 10 Professional Edition (build 19045), 64-bit, Hook Timeout: 200 ms
11-04-2025 14:33:02.337> Warning: Low Level Hook Timeout is low. If you have problems try increasing this value.
11-04-2025 14:33:02.338> Startup folder: 'C:\Program Files\Highresolution Enterprises\X-Mouse Button Control\'
11-04-2025 14:33:02.338> Settings (and log) folder: 'C:\Users\Izuk\Programs\Xmouse\'
11-04-2025 14:33:02.543> HookThreadProc[0x1008]: Using keyboard language 0x04090409
11-04-2025 14:35:02.588> You are using the latest available version of X-Mouse Button Control.

*******************************************************************************************************************************************
14-04-2025 18:47:07.264> X-Mouse Button Control v2.20.5 (x64) Startup. Commandline '/notportable /delay'
14-04-2025 18:47:07.264> Running in high integrity mode (as Administrator) (0x00003000)
14-04-2025 18:47:07.281> Loaded 0 application specific profiles (0 normal and 0 custom window).
14-04-2025 18:47:07.281> Running on Microsoft Windows 10 Professional Edition (build 19045), 64-bit, Hook Timeout: 200 ms
14-04-2025 18:47:07.281> Warning: Low Level Hook Timeout is low. If you have problems try increasing this value.
14-04-2025 18:47:07.281> Startup folder: 'C:\Program Files\Highresolution Enterprises\X-Mouse Button Control\'
14-04-2025 18:47:07.281> Settings (and log) folder: 'C:\Users\Izuk\Programs\Xmouse\'
14-04-2025 18:47:07.377> XMBC has detected that the desktop is locked during startup. Skipping hook installation, wait until logon is complete.
14-04-2025 18:47:46.225> HookThreadProc[0x2CA8]: Using keyboard language 0x04090409
14-04-2025 18:49:07.404> You are using the latest available version of X-Mouse Button Control.

*******************************************************************************************************************************************
17-04-2025 19:01:01.027> X-Mouse Button Control v2.20.5 (x64) Startup. Commandline '/notportable /delay'
17-04-2025 19:01:01.051> Running in high integrity mode (as Administrator) (0x00003000)
17-04-2025 19:01:01.087> Loaded 0 application specific profiles (0 normal and 0 custom window).
17-04-2025 19:01:01.087> Running on Microsoft Windows 10 Professional Edition (build 19045), 64-bit, Hook Timeout: 200 ms
17-04-2025 19:01:01.087> Warning: Low Level Hook Timeout is low. If you have problems try increasing this value.
17-04-2025 19:01:01.087> Startup folder: 'C:\Program Files\Highresolution Enterprises\X-Mouse Button Control\'
17-04-2025 19:01:01.087> Settings (and log) folder: 'C:\Users\Izuk\Programs\Xmouse\'
17-04-2025 19:01:01.759> HookThreadProc[0x32F4]: Using keyboard language 0x04090409
17-04-2025 19:03:01.796> You are using the latest available version of X-Mouse Button Control.

*******************************************************************************************************************************************
18-04-2025 08:14:36.574> X-Mouse Button Control v2.20.5 (x64) Startup. Commandline '/notportable /delay'
18-04-2025 08:14:36.606> Running in high integrity mode (as Administrator) (0x00003000)
18-04-2025 08:14:36.606> Loaded 0 application specific profiles (0 normal and 0 custom window).
18-04-2025 08:14:36.606> Running on Microsoft Windows 10 Professional Edition (build 19045), 64-bit, Hook Timeout: 200 ms
18-04-2025 08:14:36.606> Warning: Low Level Hook Timeout is low. If you have problems try increasing this value.
18-04-2025 08:14:36.606> Startup folder: 'C:\Program Files\Highresolution Enterprises\X-Mouse Button Control\'
18-04-2025 08:14:36.606> Settings (and log) folder: 'C:\Users\Izuk\Programs\Xmouse\'
18-04-2025 08:14:36.735> HookThreadProc[0x2460]: Using keyboard language 0x04090409
18-04-2025 08:16:36.754> You are using the latest available version of X-Mouse Button Control.
18-04-2025 14:16:36.770> You are using the latest available version of X-Mouse Button Control.
18-04-2025 18:31:27.901> Power State: System is suspending operation.
18-04-2025 18:31:27.901> Power State: Reinstall mouse hook on resume is enabled. Remove hook before suspending...
19-04-2025 09:11:54.087> Power State: Operation resuming automatically after event.
19-04-2025 09:11:54.113> Power State: Reinstall mouse hook on resume is enabled. Re-hooking mouse...
19-04-2025 09:11:55.803> CGenericThreadLock::Destructor The lock for 'CDebugLogQueue::PushDebugLog' took 813ms to release!
19-04-2025 09:11:56.573> Loaded 0 application specific profiles (0 normal and 0 custom window).
19-04-2025 09:11:56.583> CThreadLock::Destructor The lock for 'LoadSettings' took 781ms to release!
19-04-2025 09:11:56.588> CThreadLock::Destructor The lock for 'LoadSettings' took 781ms to release!
19-04-2025 09:11:58.260> HookThreadProc[0x894]: Using keyboard language 0x04090409
19-04-2025 09:11:58.260> CGenericThreadLock::Destructor The lock for 'CDebugLogQueue::PushDebugLog' took 1672ms to release!
19-04-2025 09:12:38.311> Session Unlock: Reinstall mouse hook on resume is enabled, and we last installed hooks more than 30sec ago - Resetting hooks on session logon...
19-04-2025 09:12:38.502> HookThreadProc[0x32A4]: Using keyboard language 0x04090409
19-04-2025 09:13:54.955> You are using the latest available version of X-Mouse Button Control.

*******************************************************************************************************************************************
19-04-2025 09:16:05.343> X-Mouse Button Control v2.20.5 (x64) Startup. Commandline '/notportable /delay'
19-04-2025 09:16:05.343> Running in high integrity mode (as Administrator) (0x00003000)
19-04-2025 09:16:05.359> Loaded 0 application specific profiles (0 normal and 0 custom window).
19-04-2025 09:16:05.359> Running on Microsoft Windows 10 Professional Edition (build 19045), 64-bit, Hook Timeout: 200 ms
19-04-2025 09:16:05.359> Warning: Low Level Hook Timeout is low. If you have problems try increasing this value.
19-04-2025 09:16:05.359> Startup folder: 'C:\Program Files\Highresolution Enterprises\X-Mouse Button Control\'
19-04-2025 09:16:05.359> Settings (and log) folder: 'C:\Users\Izuk\Programs\Xmouse\'
19-04-2025 09:16:05.553> HookThreadProc[0x2AE8]: Using keyboard language 0x04090409
19-04-2025 09:18:05.583> You are using the latest available version of X-Mouse Button Control.
19-04-2025 15:18:05.590> You are using the latest available version of X-Mouse Button Control.

*******************************************************************************************************************************************
20-04-2025 12:05:39.998> X-Mouse Button Control v2.20.5 (x64) Startup. Commandline '/notportable /delay'
20-04-2025 12:05:39.999> Running in high integrity mode (as Administrator) (0x00003000)
20-04-2025 12:05:40.016> Loaded 0 application specific profiles (0 normal and 0 custom window).
20-04-2025 12:05:40.016> Running on Microsoft Windows 10 Professional Edition (build 19045), 64-bit, Hook Timeout: 200 ms
20-04-2025 12:05:40.016> Warning: Low Level Hook Timeout is low. If you have problems try increasing this value.
20-04-2025 12:05:40.016> Startup folder: 'C:\Program Files\Highresolution Enterprises\X-Mouse Button Control\'
20-04-2025 12:05:40.016> Settings (and log) folder: 'C:\Users\Izuk\Programs\Xmouse\'
20-04-2025 12:05:40.066> XMBC has detected that the desktop is locked during startup. Skipping hook installation, wait until logon is complete.
20-04-2025 12:07:40.115> You are using the latest available version of X-Mouse Button Control.
20-04-2025 13:48:14.317> HookThreadProc[0x22DC]: Using keyboard language 0x04090409
20-04-2025 18:07:38.770> You are using the latest available version of X-Mouse Button Control.
20-04-2025 18:12:52.278> MultInstance: Sending command line '/notportable' to an existing instance of X-Mouse Button Control
20-04-2025 18:12:52.287> MultInstance: Successfully finished communicating with the first instance of X-Mouse Button Control.
20-04-2025 18:12:52.287> Received 2048 bytes on the IPC named pipe.
20-04-2025 18:12:52.287> Received message with data 0x80000204 from another instance of X-Mouse Button Control.

20-04-2025 18:12:52.360> CMyMessageWnd::OnSetup   -   Opening setup dialog.
20-04-2025 18:12:52.373> Loaded 0 application specific profiles (0 normal and 0 custom window).
20-04-2025 18:13:03.939> CMyMessageWnd::OnSetup   -   Setup dialog closed.
20-04-2025 18:13:03.942> Loaded 0 application specific profiles (0 normal and 0 custom window).
20-04-2025 18:13:08.948> You are using the latest available version of X-Mouse Button Control.
20-04-2025 21:23:13.582> Power State: System is suspending operation.
20-04-2025 21:23:13.582> Power State: Reinstall mouse hook on resume is enabled. Remove hook before suspending...
20-04-2025 21:40:10.136> Power State: Operation resuming automatically after event.
20-04-2025 21:40:10.136> Power State: Reinstall mouse hook on resume is enabled. Re-hooking mouse...
20-04-2025 21:40:10.190> Loaded 0 application specific profiles (0 normal and 0 custom window).
20-04-2025 21:40:13.407> HookThreadProc[0x1B90]: Using keyboard language 0x04090409
20-04-2025 21:40:13.408> CGenericThreadLock::Destructor The lock for 'CDebugLogQueue::PushDebugLog' took 3218ms to release!
20-04-2025 21:42:10.146> You are using the latest available version of X-Mouse Button Control.
20-04-2025 22:12:07.690> Power State: System is suspending operation.
20-04-2025 22:12:07.691> Power State: Reinstall mouse hook on resume is enabled. Remove hook before suspending...

*******************************************************************************************************************************************
21-04-2025 13:49:29.478> X-Mouse Button Control v2.20.5 (x64) Startup. Commandline '/notportable /delay'
21-04-2025 13:49:29.499> Running in high integrity mode (as Administrator) (0x00003000)
21-04-2025 13:49:29.519> Loaded 0 application specific profiles (0 normal and 0 custom window).
21-04-2025 13:49:29.520> Running on Microsoft Windows 10 Professional Edition (build 19045), 64-bit, Hook Timeout: 200 ms
21-04-2025 13:49:29.520> Warning: Low Level Hook Timeout is low. If you have problems try increasing this value.
21-04-2025 13:49:29.520> Startup folder: 'C:\Program Files\Highresolution Enterprises\X-Mouse Button Control\'
21-04-2025 13:49:29.520> Settings (and log) folder: 'C:\Users\Izuk\Programs\Xmouse\'
21-04-2025 13:49:29.742> HookThreadProc[0x1EB4]: Using keyboard language 0x04090409
21-04-2025 13:51:29.787> You are using the latest available version of X-Mouse Button Control.

*******************************************************************************************************************************************
21-04-2025 18:25:09.494> X-Mouse Button Control v2.20.5 (x64) Startup. Commandline '/notportable /delay'
21-04-2025 18:25:09.563> Running in high integrity mode (as Administrator) (0x00003000)
21-04-2025 18:25:09.581> Loaded 0 application specific profiles (0 normal and 0 custom window).
21-04-2025 18:25:09.582> Running on Microsoft Windows 10 Professional Edition (build 19045), 64-bit, Hook Timeout: 200 ms
21-04-2025 18:25:09.582> Warning: Low Level Hook Timeout is low. If you have problems try increasing this value.
21-04-2025 18:25:09.582> Startup folder: 'C:\Program Files\Highresolution Enterprises\X-Mouse Button Control\'
21-04-2025 18:25:09.582> Settings (and log) folder: 'C:\Users\Izuk\Programs\Xmouse\'
21-04-2025 18:25:09.889> HookThreadProc[0x808]: Using keyboard language 0x04090409
21-04-2025 18:27:09.944> You are using the latest available version of X-Mouse Button Control.
21-04-2025 18:34:32.489> CThreadLock::LeaveCS: Critical Section for 'WM_MOUSEMOVE' took 2015ms to be released!
21-04-2025 18:34:32.489> ***************************************************************************
21-04-2025 18:34:32.489> WARNING: Mouse hook has taken too long (2015 ms). Hook may be disabled.
21-04-2025 18:34:32.489> MouseHookData: Msg=0x0200 (WM_MOUSEMOVE), X=-7, Y=781, Data=0x00000000, Flags=0x00000000, Time=17667093, Info=0x0, Ptr=0x1049D, Layer=0
21-04-2025 18:34:32.489> ***************************************************************************
21-04-2025 18:34:34.633> CThreadLock::LeaveCS: Critical Section for 'WM_MOUSEMOVE' took 2125ms to be released!
21-04-2025 18:34:34.633> ***************************************************************************
21-04-2025 18:34:34.633> WARNING: Mouse hook has taken too long (2125 ms). Hook may be disabled.
21-04-2025 18:34:34.633> MouseHookData: Msg=0x0200 (WM_MOUSEMOVE), X=-14, Y=791, Data=0x00000000, Flags=0x00000000, Time=17669156, Info=0x0, Ptr=0x1049D, Layer=0
21-04-2025 18:34:34.633> ***************************************************************************
21-04-2025 18:34:36.740> CThreadLock::Destructor The lock for 'MouseHookLLProc 1' took 2015ms to release!
21-04-2025 18:34:36.740> ***************************************************************************
21-04-2025 18:34:36.740> WARNING: Mouse hook has taken too long (2015 ms). Hook may be disabled.
21-04-2025 18:34:36.740> MouseHookData: Msg=0x0201 (WM_LBUTTONDOWN), X=1, Y=826, Data=0x00000000, Flags=0x00000000, Time=17671375, Info=0x0, Ptr=0x1049D, Layer=0
21-04-2025 18:34:36.740> ***************************************************************************

*******************************************************************************************************************************************
21-04-2025 18:36:27.080> X-Mouse Button Control v2.20.5 (x64) Startup. Commandline '/notportable /delay'
21-04-2025 18:36:27.080> Running in high integrity mode (as Administrator) (0x00003000)
21-04-2025 18:36:27.112> Loaded 0 application specific profiles (0 normal and 0 custom window).
21-04-2025 18:36:27.112> Running on Microsoft Windows 10 Professional Edition (build 19045), 64-bit, Hook Timeout: 200 ms
21-04-2025 18:36:27.112> Warning: Low Level Hook Timeout is low. If you have problems try increasing this value.
21-04-2025 18:36:27.112> Startup folder: 'C:\Program Files\Highresolution Enterprises\X-Mouse Button Control\'
21-04-2025 18:36:27.112> Settings (and log) folder: 'C:\Users\Izuk\Programs\Xmouse\'
21-04-2025 18:36:27.193> HookThreadProc[0x270C]: Using keyboard language 0x04090409
21-04-2025 18:38:27.216> You are using the latest available version of X-Mouse Button Control.

*******************************************************************************************************************************************
23-04-2025 18:46:03.763> X-Mouse Button Control v2.20.5 (x64) Startup. Commandline '/notportable /delay'
23-04-2025 18:46:05.615> Running in high integrity mode (as Administrator) (0x00003000)
23-04-2025 18:46:08.152> Loaded 0 application specific profiles (0 normal and 0 custom window).
23-04-2025 18:46:08.152> CThreadLock::Destructor The lock for 'LoadSettings' took 2531ms to release!
23-04-2025 18:46:08.152> CThreadLock::Destructor The lock for 'LoadSettings' took 2531ms to release!
23-04-2025 18:46:08.152> Running on Microsoft Windows 10 Professional Edition (build 19045), 64-bit, Hook Timeout: 200 ms
23-04-2025 18:46:08.152> Warning: Low Level Hook Timeout is low. If you have problems try increasing this value.
23-04-2025 18:46:08.152> Startup folder: 'C:\Program Files\Highresolution Enterprises\X-Mouse Button Control\'
23-04-2025 18:46:08.152> Settings (and log) folder: 'C:\Users\Izuk\Programs\Xmouse\'
23-04-2025 18:46:08.297> XMBC has detected that the desktop is locked during startup. Skipping hook installation, wait until logon is complete.
23-04-2025 18:48:08.841> You are using the latest available version of X-Mouse Button Control.
23-04-2025 19:04:42.467> HookThreadProc[0x253C]: Using keyboard language 0x04090409

*******************************************************************************************************************************************
24-04-2025 17:02:45.043> X-Mouse Button Control v2.20.5 (x64) Startup. Commandline '/notportable /delay'
24-04-2025 17:02:45.213> Running in high integrity mode (as Administrator) (0x00003000)
24-04-2025 17:02:45.400> Loaded 0 application specific profiles (0 normal and 0 custom window).
24-04-2025 17:02:45.401> Running on Microsoft Windows 10 Professional Edition (build 19045), 64-bit, Hook Timeout: 200 ms
24-04-2025 17:02:45.401> Warning: Low Level Hook Timeout is low. If you have problems try increasing this value.
24-04-2025 17:02:45.401> Startup folder: 'C:\Program Files\Highresolution Enterprises\X-Mouse Button Control\'
24-04-2025 17:02:45.401> Settings (and log) folder: 'C:\Users\Izuk\Programs\Xmouse\'
24-04-2025 17:02:45.977> HookThreadProc[0x231C]: Using keyboard language 0x04090409
24-04-2025 17:02:45.978> CGenericThreadLock::Destructor The lock for 'CDebugLogQueue::PushDebugLog' took 516ms to release!
24-04-2025 17:04:46.028> You are using the latest available version of X-Mouse Button Control.

*******************************************************************************************************************************************
25-04-2025 14:27:05.083> X-Mouse Button Control v2.20.5 (x64) Startup. Commandline '/notportable /delay'
25-04-2025 14:27:05.083> Running in high integrity mode (as Administrator) (0x00003000)
25-04-2025 14:27:05.100> Loaded 0 application specific profiles (0 normal and 0 custom window).
25-04-2025 14:27:05.100> Running on Microsoft Windows 10 Professional Edition (build 19045), 64-bit, Hook Timeout: 200 ms
25-04-2025 14:27:05.100> Warning: Low Level Hook Timeout is low. If you have problems try increasing this value.
25-04-2025 14:27:05.100> Startup folder: 'C:\Program Files\Highresolution Enterprises\X-Mouse Button Control\'
25-04-2025 14:27:05.100> Settings (and log) folder: 'C:\Users\Izuk\Programs\Xmouse\'
25-04-2025 14:27:05.746> HookThreadProc[0x25F4]: Using keyboard language 0x04090409
25-04-2025 14:29:05.780> You are using the latest available version of X-Mouse Button Control.

*******************************************************************************************************************************************
25-04-2025 19:12:18.512> X-Mouse Button Control v2.20.5 (x64) Startup. Commandline '/notportable /delay'
25-04-2025 19:12:18.528> Running in high integrity mode (as Administrator) (0x00003000)
25-04-2025 19:12:18.544> Loaded 0 application specific profiles (0 normal and 0 custom window).
25-04-2025 19:12:18.544> Running on Microsoft Windows 10 Professional Edition (build 19045), 64-bit, Hook Timeout: 200 ms
25-04-2025 19:12:18.544> Warning: Low Level Hook Timeout is low. If you have problems try increasing this value.
25-04-2025 19:12:18.544> Startup folder: 'C:\Program Files\Highresolution Enterprises\X-Mouse Button Control\'
25-04-2025 19:12:18.544> Settings (and log) folder: 'C:\Users\Izuk\Programs\Xmouse\'
25-04-2025 19:12:18.608> XMBC has detected that the desktop is locked during startup. Skipping hook installation, wait until logon is complete.
25-04-2025 19:14:18.641> You are using the latest available version of X-Mouse Button Control.
25-04-2025 19:15:01.340> HookThreadProc[0x34F4]: Using keyboard language 0x04090409

*******************************************************************************************************************************************

*******************************************************************************************************************************************
28-04-2025 18:47:59.011> X-Mouse Button Control v2.20.5 (x64) Startup. Commandline '/notportable /delay'
28-04-2025 18:47:59.027> Running in high integrity mode (as Administrator) (0x00003000)
28-04-2025 18:47:59.043> Loaded 0 application specific profiles (0 normal and 0 custom window).
28-04-2025 18:47:59.043> Running on Microsoft Windows 10 Professional Edition (build 19045), 64-bit, Hook Timeout: 200 ms
28-04-2025 18:47:59.043> Warning: Low Level Hook Timeout is low. If you have problems try increasing this value.
28-04-2025 18:47:59.043> Startup folder: 'C:\Program Files\Highresolution Enterprises\X-Mouse Button Control\'
28-04-2025 18:47:59.043> Settings (and log) folder: 'C:\Users\Izuk\Programs\Xmouse\'
28-04-2025 18:47:59.124> HookThreadProc[0x262C]: Using keyboard language 0x04090409
28-04-2025 18:49:59.148> You are using the latest available version of X-Mouse Button Control.

*******************************************************************************************************************************************
28-04-2025 19:44:40.868> X-Mouse Button Control v2.20.5 (x64) Startup. Commandline '/notportable /delay'
28-04-2025 19:44:40.868> Running in high integrity mode (as Administrator) (0x00003000)
28-04-2025 19:44:40.884> Loaded 0 application specific profiles (0 normal and 0 custom window).
28-04-2025 19:44:40.884> Running on Microsoft Windows 10 Professional Edition (build 19045), 64-bit, Hook Timeout: 200 ms
28-04-2025 19:44:40.884> Warning: Low Level Hook Timeout is low. If you have problems try increasing this value.
28-04-2025 19:44:40.884> Startup folder: 'C:\Program Files\Highresolution Enterprises\X-Mouse Button Control\'
28-04-2025 19:44:40.884> Settings (and log) folder: 'C:\Users\Izuk\Programs\Xmouse\'
28-04-2025 19:44:40.932> XMBC has detected that the desktop is locked during startup. Skipping hook installation, wait until logon is complete.
28-04-2025 19:44:51.149> HookThreadProc[0x145C]: Using keyboard language 0x04090409
28-04-2025 19:46:40.970> You are using the latest available version of X-Mouse Button Control.

*******************************************************************************************************************************************
29-04-2025 18:41:55.956> X-Mouse Button Control v2.20.5 (x64) Startup. Commandline '/notportable /delay'
29-04-2025 18:41:55.976> Running in high integrity mode (as Administrator) (0x00003000)
29-04-2025 18:41:55.981> Loaded 0 application specific profiles (0 normal and 0 custom window).
29-04-2025 18:41:55.981> Running on Microsoft Windows 10 Professional Edition (build 19045), 64-bit, Hook Timeout: 200 ms
29-04-2025 18:41:55.981> Warning: Low Level Hook Timeout is low. If you have problems try increasing this value.
29-04-2025 18:41:55.981> Startup folder: 'C:\Program Files\Highresolution Enterprises\X-Mouse Button Control\'
29-04-2025 18:41:55.981> Settings (and log) folder: 'C:\Users\Izuk\Programs\Xmouse\'
29-04-2025 18:41:56.371> HookThreadProc[0x3074]: Using keyboard language 0x04090409
29-04-2025 18:43:56.396> You are using the latest available version of X-Mouse Button Control.

*******************************************************************************************************************************************
30-04-2025 19:43:02.903> X-Mouse Button Control v2.20.5 (x64) Startup. Commandline '/notportable /delay'
30-04-2025 19:43:02.920> Running in high integrity mode (as Administrator) (0x00003000)
30-04-2025 19:43:02.937> Loaded 0 application specific profiles (0 normal and 0 custom window).
30-04-2025 19:43:02.937> Running on Microsoft Windows 10 Professional Edition (build 19045), 64-bit, Hook Timeout: 200 ms
30-04-2025 19:43:02.937> Warning: Low Level Hook Timeout is low. If you have problems try increasing this value.
30-04-2025 19:43:02.937> Startup folder: 'C:\Program Files\Highresolution Enterprises\X-Mouse Button Control\'
30-04-2025 19:43:02.937> Settings (and log) folder: 'C:\Users\Izuk\Programs\Xmouse\'
30-04-2025 19:43:03.140> HookThreadProc[0x2974]: Using keyboard language 0x04090409
30-04-2025 19:45:03.168> You are using the latest available version of X-Mouse Button Control.

*******************************************************************************************************************************************
01-05-2025 09:05:27.037> X-Mouse Button Control v2.20.5 (x64) Startup. Commandline '/notportable /delay'
01-05-2025 09:05:27.053> Running in high integrity mode (as Administrator) (0x00003000)
01-05-2025 09:05:27.069> Loaded 0 application specific profiles (0 normal and 0 custom window).
01-05-2025 09:05:27.069> Running on Microsoft Windows 10 Professional Edition (build 19045), 64-bit, Hook Timeout: 200 ms
01-05-2025 09:05:27.069> Warning: Low Level Hook Timeout is low. If you have problems try increasing this value.
01-05-2025 09:05:27.069> Startup folder: 'C:\Program Files\Highresolution Enterprises\X-Mouse Button Control\'
01-05-2025 09:05:27.069> Settings (and log) folder: 'C:\Users\Izuk\Programs\Xmouse\'
01-05-2025 09:05:27.134> HookThreadProc[0x2118]: Using keyboard language 0x04090409
01-05-2025 09:07:27.147> You are using the latest available version of X-Mouse Button Control.

*******************************************************************************************************************************************
01-05-2025 10:15:47.210> X-Mouse Button Control v2.20.5 (x64) Startup. Commandline '/notportable /delay'
01-05-2025 10:15:47.227> Running in high integrity mode (as Administrator) (0x00003000)
01-05-2025 10:15:47.243> Loaded 0 application specific profiles (0 normal and 0 custom window).
01-05-2025 10:15:47.243> Running on Microsoft Windows 10 Professional Edition (build 19045), 64-bit, Hook Timeout: 200 ms
01-05-2025 10:15:47.243> Warning: Low Level Hook Timeout is low. If you have problems try increasing this value.
01-05-2025 10:15:47.243> Startup folder: 'C:\Program Files\Highresolution Enterprises\X-Mouse Button Control\'
01-05-2025 10:15:47.243> Settings (and log) folder: 'C:\Users\Izuk\Programs\Xmouse\'
01-05-2025 10:15:47.323> HookThreadProc[0x2AE0]: Using keyboard language 0x04090409
01-05-2025 10:17:47.377> You are using the latest available version of X-Mouse Button Control.
01-05-2025 16:17:47.368> You are using the latest available version of X-Mouse Button Control.

*******************************************************************************************************************************************
02-05-2025 13:13:25.902> X-Mouse Button Control v2.20.5 (x64) Startup. Commandline '/notportable /delay'
02-05-2025 13:13:25.944> Running in high integrity mode (as Administrator) (0x00003000)
02-05-2025 13:13:26.103> Loaded 0 application specific profiles (0 normal and 0 custom window).
02-05-2025 13:13:26.104> Running on Microsoft Windows 10 Professional Edition (build 19045), 64-bit, Hook Timeout: 200 ms
02-05-2025 13:13:26.104> Warning: Low Level Hook Timeout is low. If you have problems try increasing this value.
02-05-2025 13:13:26.104> Startup folder: 'C:\Program Files\Highresolution Enterprises\X-Mouse Button Control\'
02-05-2025 13:13:26.104> Settings (and log) folder: 'C:\Users\Izuk\Programs\Xmouse\'
02-05-2025 13:13:26.319> HookThreadProc[0x3340]: Using keyboard language 0x04090409
02-05-2025 13:15:26.368> You are using the latest available version of X-Mouse Button Control.
02-05-2025 19:15:24.892> You are using the latest available version of X-Mouse Button Control.

*******************************************************************************************************************************************
05-05-2025 19:10:35.441> X-Mouse Button Control v2.20.5 (x64) Startup. Commandline '/notportable /delay'
05-05-2025 19:10:35.461> Running in high integrity mode (as Administrator) (0x00003000)
05-05-2025 19:10:35.512> Loaded 0 application specific profiles (0 normal and 0 custom window).
05-05-2025 19:10:35.513> Running on Microsoft Windows 10 Professional Edition (build 19045), 64-bit, Hook Timeout: 200 ms
05-05-2025 19:10:35.513> Warning: Low Level Hook Timeout is low. If you have problems try increasing this value.
05-05-2025 19:10:35.513> Startup folder: 'C:\Program Files\Highresolution Enterprises\X-Mouse Button Control\'
05-05-2025 19:10:35.513> Settings (and log) folder: 'C:\Users\Izuk\Programs\Xmouse\'
05-05-2025 19:10:35.840> XMBC has detected that the desktop is locked during startup. Skipping hook installation, wait until logon is complete.
05-05-2025 19:12:35.911> You are using the latest available version of X-Mouse Button Control.
05-05-2025 19:14:19.426> HookThreadProc[0x3F4C]: Using keyboard language 0x04090409

*******************************************************************************************************************************************
06-05-2025 19:45:29.854> X-Mouse Button Control v2.20.5 (x64) Startup. Commandline '/notportable /delay'
06-05-2025 19:45:29.881> Running in high integrity mode (as Administrator) (0x00003000)
06-05-2025 19:45:29.984> Loaded 0 application specific profiles (0 normal and 0 custom window).
06-05-2025 19:45:30.022> Running on Microsoft Windows 10 Professional Edition (build 19045), 64-bit, Hook Timeout: 200 ms
06-05-2025 19:45:30.022> Warning: Low Level Hook Timeout is low. If you have problems try increasing this value.
06-05-2025 19:45:30.022> Startup folder: 'C:\Program Files\Highresolution Enterprises\X-Mouse Button Control\'
06-05-2025 19:45:30.022> Settings (and log) folder: 'C:\Users\Izuk\Programs\Xmouse\'
06-05-2025 19:45:30.110> XMBC has detected that the desktop is locked during startup. Skipping hook installation, wait until logon is complete.
06-05-2025 19:45:54.428> HookThreadProc[0x3018]: Using keyboard language 0x04090409
06-05-2025 19:47:31.236> You are using the latest available version of X-Mouse Button Control.

*******************************************************************************************************************************************
08-05-2025 19:04:59.529> X-Mouse Button Control v2.20.5 (x64) Startup. Commandline '/notportable /delay'
08-05-2025 19:04:59.536> Running in high integrity mode (as Administrator) (0x00003000)
08-05-2025 19:04:59.558> Loaded 0 application specific profiles (0 normal and 0 custom window).
08-05-2025 19:04:59.558> Running on Microsoft Windows 10 Professional Edition (build 19045), 64-bit, Hook Timeout: 200 ms
08-05-2025 19:04:59.558> Warning: Low Level Hook Timeout is low. If you have problems try increasing this value.
08-05-2025 19:04:59.558> Startup folder: 'C:\Program Files\Highresolution Enterprises\X-Mouse Button Control\'
08-05-2025 19:04:59.558> Settings (and log) folder: 'C:\Users\Izuk\Programs\Xmouse\'
08-05-2025 19:04:59.618> XMBC has detected that the desktop is locked during startup. Skipping hook installation, wait until logon is complete.
08-05-2025 19:06:59.669> You are using the latest available version of X-Mouse Button Control.
08-05-2025 19:24:21.068> HookThreadProc[0x68C]: Using keyboard language 0x04090409
08-05-2025 19:35:05.543> Power State: System is suspending operation.
08-05-2025 19:35:05.543> Power State: Reinstall mouse hook on resume is enabled. Remove hook before suspending...

*******************************************************************************************************************************************
09-05-2025 16:47:45.275> X-Mouse Button Control v2.20.5 (x64) Startup. Commandline '/notportable /delay'
09-05-2025 16:47:45.291> Running in high integrity mode (as Administrator) (0x00003000)
09-05-2025 16:47:45.307> Loaded 0 application specific profiles (0 normal and 0 custom window).
09-05-2025 16:47:45.356> Running on Microsoft Windows 10 Professional Edition (build 19045), 64-bit, Hook Timeout: 200 ms
09-05-2025 16:47:45.356> Warning: Low Level Hook Timeout is low. If you have problems try increasing this value.
09-05-2025 16:47:45.356> Startup folder: 'C:\Program Files\Highresolution Enterprises\X-Mouse Button Control\'
09-05-2025 16:47:45.356> Settings (and log) folder: 'C:\Users\Izuk\Programs\Xmouse\'
09-05-2025 16:47:45.453> HookThreadProc[0x3360]: Using keyboard language 0x04090409
09-05-2025 16:49:45.494> You are using the latest available version of X-Mouse Button Control.

*******************************************************************************************************************************************
09-05-2025 17:54:38.411> X-Mouse Button Control v2.20.5 (x64) Startup. Commandline '/notportable /delay'
09-05-2025 17:54:38.428> Running in high integrity mode (as Administrator) (0x00003000)
09-05-2025 17:54:38.448> Loaded 0 application specific profiles (0 normal and 0 custom window).
09-05-2025 17:54:38.448> Running on Microsoft Windows 10 Professional Edition (build 19045), 64-bit, Hook Timeout: 200 ms
09-05-2025 17:54:38.448> Warning: Low Level Hook Timeout is low. If you have problems try increasing this value.
09-05-2025 17:54:38.448> Startup folder: 'C:\Program Files\Highresolution Enterprises\X-Mouse Button Control\'
09-05-2025 17:54:38.448> Settings (and log) folder: 'C:\Users\Izuk\Programs\Xmouse\'
09-05-2025 17:54:38.545> HookThreadProc[0x2D38]: Using keyboard language 0x04090409
09-05-2025 17:56:38.587> You are using the latest available version of X-Mouse Button Control.
09-05-2025 19:52:37.310> CThreadLock::Destructor The lock for 'GetProcessName' took 718ms to release!
09-05-2025 19:52:38.387> CGenericThreadLock::Destructor The lock for 'CDebugLogQueue::PushDebugLog' took 1046ms to release!
09-05-2025 19:52:38.388> ***************************************************************************
09-05-2025 19:52:38.388> WARNING: Mouse hook has taken too long (1046 ms). Hook may be disabled.
09-05-2025 19:52:38.389> MouseHookData: Msg=0x0200 (WM_MOUSEMOVE), X=1643, Y=1031, Data=0x00000000, Flags=0x00000000, Time=7130000, Info=0x0, Ptr=0x104E0, Layer=0
09-05-2025 19:52:38.392> ***************************************************************************
09-05-2025 19:58:21.898> CGenericThreadLock::Destructor The lock for 'CDebugLogQueue::PushDebugLog' took 671ms to release!
09-05-2025 19:58:21.898> CThreadLock::Destructor The lock for 'GetProcessName' took 671ms to release!
09-05-2025 20:30:55.224> Session Unlock: Reinstall mouse hook on resume is enabled, and we last installed hooks more than 30sec ago - Resetting hooks on session logon...
09-05-2025 20:30:55.631> HookThreadProc[0x394C]: Using keyboard language 0x04090409
09-05-2025 23:56:38.591> You are using the latest available version of X-Mouse Button Control.
10-05-2025 00:38:30.428> Power State: System is suspending operation.
10-05-2025 00:38:30.428> Power State: Reinstall mouse hook on resume is enabled. Remove hook before suspending...
10-05-2025 07:43:59.527> Power State: Operation resuming automatically after event.
10-05-2025 07:43:59.592> Power State: Reinstall mouse hook on resume is enabled. Re-hooking mouse...
10-05-2025 07:44:00.272> CGenericThreadLock::Destructor The lock for 'CDebugLogQueue::PushDebugLog' took 656ms to release!
10-05-2025 07:44:00.903> Loaded 0 application specific profiles (0 normal and 0 custom window).
10-05-2025 07:44:00.904> CThreadLock::Destructor The lock for 'LoadSettings' took 641ms to release!
10-05-2025 07:44:00.906> CThreadLock::Destructor The lock for 'LoadSettings' took 641ms to release!
10-05-2025 07:44:01.802> HookThreadProc[0x3928]: Using keyboard language 0x04090409
10-05-2025 07:44:01.802> CGenericThreadLock::Destructor The lock for 'CDebugLogQueue::PushDebugLog' took 891ms to release!
10-05-2025 07:45:59.612> You are using the latest available version of X-Mouse Button Control.
10-05-2025 07:48:35.966> Session Unlock: Reinstall mouse hook on resume is enabled, and we last installed hooks more than 30sec ago - Resetting hooks on session logon...
10-05-2025 07:48:36.162> HookThreadProc[0x4160]: Using keyboard language 0x04090409
10-05-2025 09:03:55.330> Power State: System is suspending operation.
10-05-2025 09:03:55.330> Power State: Reinstall mouse hook on resume is enabled. Remove hook before suspending...
10-05-2025 10:24:47.918> Power State: Operation resuming automatically after event.
10-05-2025 10:24:47.918> Power State: Reinstall mouse hook on resume is enabled. Re-hooking mouse...
10-05-2025 10:24:48.043> Loaded 0 application specific profiles (0 normal and 0 custom window).
10-05-2025 10:24:48.113> HookThreadProc[0x2034]: Using keyboard language 0x04090409
10-05-2025 10:24:50.841> CGenericThreadLock::Destructor The lock for 'CDebugLogQueue::PushDebugLog' took 2735ms to release!
10-05-2025 10:24:50.841> SPIThread[0x00002E78]: Took a long time (2735 ms) to process message 0x0000C1BA(0x00000000, 0x00000000).
10-05-2025 10:25:02.422> Session Unlock: Reinstall mouse hook on resume is enabled but we only installed hooks 14313ms ago - Ignoring session unlock.
10-05-2025 10:26:47.932> You are using the latest available version of X-Mouse Button Control.

*******************************************************************************************************************************************
10-05-2025 14:51:13.282> X-Mouse Button Control v2.20.5 (x64) Startup. Commandline '/notportable /delay'
10-05-2025 14:51:13.302> Running in high integrity mode (as Administrator) (0x00003000)
10-05-2025 14:51:13.345> Loaded 0 application specific profiles (0 normal and 0 custom window).
10-05-2025 14:51:13.346> Running on Microsoft Windows 10 Professional Edition (build 19045), 64-bit, Hook Timeout: 200 ms
10-05-2025 14:51:13.346> Warning: Low Level Hook Timeout is low. If you have problems try increasing this value.
10-05-2025 14:51:13.346> Startup folder: 'C:\Program Files\Highresolution Enterprises\X-Mouse Button Control\'
10-05-2025 14:51:13.347> Settings (and log) folder: 'C:\Users\Izuk\Programs\Xmouse\'
10-05-2025 14:51:13.516> HookThreadProc[0x32D8]: Using keyboard language 0x04090409
10-05-2025 14:53:13.594> You are using the latest available version of X-Mouse Button Control.
10-05-2025 20:53:13.586> You are using the latest available version of X-Mouse Button Control.
10-05-2025 22:36:21.014> OnTaskBarCreated: Recreating systray icon
10-05-2025 22:36:21.016> Unable to remove system tray icon. (Error code -2147467259: Unspecified error )

*******************************************************************************************************************************************
13-05-2025 19:21:29.767> X-Mouse Button Control v2.20.5 (x64) Startup. Commandline '/notportable /delay'
13-05-2025 19:21:29.767> Running in high integrity mode (as Administrator) (0x00003000)
13-05-2025 19:21:30.314> Loaded 0 application specific profiles (0 normal and 0 custom window).
13-05-2025 19:21:30.314> CThreadLock::Destructor The lock for 'LoadSettings' took 547ms to release!
13-05-2025 19:21:30.314> CThreadLock::Destructor The lock for 'LoadSettings' took 547ms to release!
13-05-2025 19:21:30.314> Running on Microsoft Windows 10 Professional Edition (build 19045), 64-bit, Hook Timeout: 200 ms
13-05-2025 19:21:30.314> Warning: Low Level Hook Timeout is low. If you have problems try increasing this value.
13-05-2025 19:21:30.314> Startup folder: 'C:\Program Files\Highresolution Enterprises\X-Mouse Button Control\'
13-05-2025 19:21:30.314> Settings (and log) folder: 'C:\Users\Izuk\Programs\Xmouse\'
13-05-2025 19:21:32.267> HookThreadProc[0x1A10]: Using keyboard language 0x04090409
13-05-2025 19:21:32.267> CGenericThreadLock::Destructor The lock for 'CDebugLogQueue::PushDebugLog' took 640ms to release!
13-05-2025 19:21:32.282> CAudioThreadLock::Destructor The lock for 'CVolumeManager(SendInput Thread 13328)::CVolumeManager' took 609ms to release!
13-05-2025 19:23:32.312> You are using the latest available version of X-Mouse Button Control.

*******************************************************************************************************************************************
14-05-2025 18:56:21.932> X-Mouse Button Control v2.20.5 (x64) Startup. Commandline '/notportable /delay'
14-05-2025 18:56:21.949> Running in high integrity mode (as Administrator) (0x00003000)
14-05-2025 18:56:21.981> Loaded 0 application specific profiles (0 normal and 0 custom window).
14-05-2025 18:56:21.981> Running on Microsoft Windows 10 Professional Edition (build 19045), 64-bit, Hook Timeout: 200 ms
14-05-2025 18:56:21.981> Warning: Low Level Hook Timeout is low. If you have problems try increasing this value.
14-05-2025 18:56:21.981> Startup folder: 'C:\Program Files\Highresolution Enterprises\X-Mouse Button Control\'
14-05-2025 18:56:21.981> Settings (and log) folder: 'C:\Users\Izuk\Programs\Xmouse\'
14-05-2025 18:56:22.055> XMBC has detected that the desktop is locked during startup. Skipping hook installation, wait until logon is complete.
14-05-2025 18:57:06.672> HookThreadProc[0x31B8]: Using keyboard language 0x04090409
14-05-2025 18:58:22.111> You are using the latest available version of X-Mouse Button Control.

*******************************************************************************************************************************************
15-05-2025 18:46:07.928> X-Mouse Button Control v2.20.5 (x64) Startup. Commandline '/notportable /delay'
15-05-2025 18:46:07.970> Running in high integrity mode (as Administrator) (0x00003000)
15-05-2025 18:46:08.067> Loaded 0 application specific profiles (0 normal and 0 custom window).
15-05-2025 18:46:08.068> Running on Microsoft Windows 10 Professional Edition (build 19045), 64-bit, Hook Timeout: 200 ms
15-05-2025 18:46:08.068> Warning: Low Level Hook Timeout is low. If you have problems try increasing this value.
15-05-2025 18:46:08.068> Startup folder: 'C:\Program Files\Highresolution Enterprises\X-Mouse Button Control\'
15-05-2025 18:46:08.068> Settings (and log) folder: 'C:\Users\Izuk\Programs\Xmouse\'
15-05-2025 18:46:08.831> HookThreadProc[0x33B8]: Using keyboard language 0x04090409
15-05-2025 18:46:08.832> CGenericThreadLock::Destructor The lock for 'CDebugLogQueue::PushDebugLog' took 688ms to release!
15-05-2025 18:48:08.884> You are using the latest available version of X-Mouse Button Control.

*******************************************************************************************************************************************
16-05-2025 15:41:19.753> X-Mouse Button Control v2.20.5 (x64) Startup. Commandline '/notportable /delay'
16-05-2025 15:41:19.764> Running in high integrity mode (as Administrator) (0x00003000)
16-05-2025 15:41:19.795> Loaded 0 application specific profiles (0 normal and 0 custom window).
16-05-2025 15:41:19.800> Running on Microsoft Windows 10 Professional Edition (build 19045), 64-bit, Hook Timeout: 200 ms
16-05-2025 15:41:19.800> Warning: Low Level Hook Timeout is low. If you have problems try increasing this value.
16-05-2025 15:41:19.800> Startup folder: 'C:\Program Files\Highresolution Enterprises\X-Mouse Button Control\'
16-05-2025 15:41:19.800> Settings (and log) folder: 'C:\Users\Izuk\Programs\Xmouse\'
16-05-2025 15:41:19.931> HookThreadProc[0x37D8]: Using keyboard language 0x04090409
16-05-2025 15:43:19.979> You are using the latest available version of X-Mouse Button Control.

*******************************************************************************************************************************************
16-05-2025 18:39:10.476> X-Mouse Button Control v2.20.5 (x64) Startup. Commandline '/notportable /delay'
16-05-2025 18:39:10.492> Running in high integrity mode (as Administrator) (0x00003000)
16-05-2025 18:39:10.508> Loaded 0 application specific profiles (0 normal and 0 custom window).
16-05-2025 18:39:10.508> Running on Microsoft Windows 10 Professional Edition (build 19045), 64-bit, Hook Timeout: 200 ms
16-05-2025 18:39:10.508> Warning: Low Level Hook Timeout is low. If you have problems try increasing this value.
16-05-2025 18:39:10.508> Startup folder: 'C:\Program Files\Highresolution Enterprises\X-Mouse Button Control\'
16-05-2025 18:39:10.508> Settings (and log) folder: 'C:\Users\Izuk\Programs\Xmouse\'
16-05-2025 18:39:10.573> XMBC has detected that the desktop is locked during startup. Skipping hook installation, wait until logon is complete.
16-05-2025 18:39:33.539> HookThreadProc[0x15B4]: Using keyboard language 0x04090409
16-05-2025 18:41:10.615> You are using the latest available version of X-Mouse Button Control.

*******************************************************************************************************************************************
17-05-2025 11:13:51.461> X-Mouse Button Control v2.20.5 (x64) Startup. Commandline '/notportable /delay'
17-05-2025 11:13:51.474> Running in high integrity mode (as Administrator) (0x00003000)
17-05-2025 11:13:51.489> Loaded 0 application specific profiles (0 normal and 0 custom window).
17-05-2025 11:13:51.490> Running on Microsoft Windows 10 Professional Edition (build 19045), 64-bit, Hook Timeout: 200 ms
17-05-2025 11:13:51.490> Warning: Low Level Hook Timeout is low. If you have problems try increasing this value.
17-05-2025 11:13:51.490> Startup folder: 'C:\Program Files\Highresolution Enterprises\X-Mouse Button Control\'
17-05-2025 11:13:51.490> Settings (and log) folder: 'C:\Users\Izuk\Programs\Xmouse\'
17-05-2025 11:13:51.567> XMBC has detected that the desktop is locked during startup. Skipping hook installation, wait until logon is complete.
17-05-2025 11:15:51.606> You are using the latest available version of X-Mouse Button Control.
17-05-2025 11:37:14.807> HookThreadProc[0xF7C]: Using keyboard language 0x04090409

*******************************************************************************************************************************************
18-05-2025 11:07:02.647> X-Mouse Button Control v2.20.5 (x64) Startup. Commandline '/notportable /delay'
18-05-2025 11:07:02.659> Running in high integrity mode (as Administrator) (0x00003000)
18-05-2025 11:07:02.672> Loaded 0 application specific profiles (0 normal and 0 custom window).
18-05-2025 11:07:02.672> Running on Microsoft Windows 10 Professional Edition (build 19045), 64-bit, Hook Timeout: 200 ms
18-05-2025 11:07:02.672> Warning: Low Level Hook Timeout is low. If you have problems try increasing this value.
18-05-2025 11:07:02.672> Startup folder: 'C:\Program Files\Highresolution Enterprises\X-Mouse Button Control\'
18-05-2025 11:07:02.672> Settings (and log) folder: 'C:\Users\Izuk\Programs\Xmouse\'
18-05-2025 11:07:02.753> HookThreadProc[0x3D48]: Using keyboard language 0x04090409
18-05-2025 11:09:02.808> You are using the latest available version of X-Mouse Button Control.
18-05-2025 17:09:02.825> You are using the latest available version of X-Mouse Button Control.

*******************************************************************************************************************************************
19-05-2025 18:53:38.058> X-Mouse Button Control v2.20.5 (x64) Startup. Commandline '/notportable /delay'
19-05-2025 18:53:38.069> Running in high integrity mode (as Administrator) (0x00003000)
19-05-2025 18:53:38.084> Loaded 0 application specific profiles (0 normal and 0 custom window).
19-05-2025 18:53:38.084> Running on Microsoft Windows 10 Professional Edition (build 19045), 64-bit, Hook Timeout: 200 ms
19-05-2025 18:53:38.084> Warning: Low Level Hook Timeout is low. If you have problems try increasing this value.
19-05-2025 18:53:38.084> Startup folder: 'C:\Program Files\Highresolution Enterprises\X-Mouse Button Control\'
19-05-2025 18:53:38.084> Settings (and log) folder: 'C:\Users\Izuk\Programs\Xmouse\'
19-05-2025 18:53:38.150> XMBC has detected that the desktop is locked during startup. Skipping hook installation, wait until logon is complete.
19-05-2025 18:55:38.205> You are using the latest available version of X-Mouse Button Control.
19-05-2025 19:01:11.060> HookThreadProc[0xE14]: Using keyboard language 0x04090409

*******************************************************************************************************************************************
20-05-2025 18:47:07.135> X-Mouse Button Control v2.20.5 (x64) Startup. Commandline '/notportable /delay'
20-05-2025 18:47:07.176> Running in high integrity mode (as Administrator) (0x00003000)
20-05-2025 18:47:07.193> Loaded 0 application specific profiles (0 normal and 0 custom window).
20-05-2025 18:47:07.194> Running on Microsoft Windows 10 Professional Edition (build 19045), 64-bit, Hook Timeout: 200 ms
20-05-2025 18:47:07.194> Warning: Low Level Hook Timeout is low. If you have problems try increasing this value.
20-05-2025 18:47:07.194> Startup folder: 'C:\Program Files\Highresolution Enterprises\X-Mouse Button Control\'
20-05-2025 18:47:07.194> Settings (and log) folder: 'C:\Users\Izuk\Programs\Xmouse\'
20-05-2025 18:47:07.286> HookThreadProc[0x1880]: Using keyboard language 0x04090409
20-05-2025 18:49:07.318> You are using the latest available version of X-Mouse Button Control.

*******************************************************************************************************************************************
21-05-2025 18:42:50.356> X-Mouse Button Control v2.20.5 (x64) Startup. Commandline '/notportable /delay'
21-05-2025 18:42:50.358> Running in high integrity mode (as Administrator) (0x00003000)
21-05-2025 18:42:50.377> Loaded 0 application specific profiles (0 normal and 0 custom window).
21-05-2025 18:42:50.377> Running on Microsoft Windows 10 Professional Edition (build 19045), 64-bit, Hook Timeout: 200 ms
21-05-2025 18:42:50.377> Warning: Low Level Hook Timeout is low. If you have problems try increasing this value.
21-05-2025 18:42:50.377> Startup folder: 'C:\Program Files\Highresolution Enterprises\X-Mouse Button Control\'
21-05-2025 18:42:50.378> Settings (and log) folder: 'C:\Users\Izuk\Programs\Xmouse\'
21-05-2025 18:42:50.893> HookThreadProc[0x2140]: Using keyboard language 0x04090409
21-05-2025 18:44:50.943> You are using the latest available version of X-Mouse Button Control.

*******************************************************************************************************************************************
23-05-2025 20:02:00.795> X-Mouse Button Control v2.20.5 (x64) Startup. Commandline '/notportable /delay'
23-05-2025 20:02:00.822> Running in high integrity mode (as Administrator) (0x00003000)
23-05-2025 20:02:00.841> Loaded 0 application specific profiles (0 normal and 0 custom window).
23-05-2025 20:02:00.842> Running on Microsoft Windows 10 Professional Edition (build 19045), 64-bit, Hook Timeout: 200 ms
23-05-2025 20:02:00.842> Warning: Low Level Hook Timeout is low. If you have problems try increasing this value.
23-05-2025 20:02:00.842> Startup folder: 'C:\Program Files\Highresolution Enterprises\X-Mouse Button Control\'
23-05-2025 20:02:00.843> Settings (and log) folder: 'C:\Users\Izuk\Programs\Xmouse\'
23-05-2025 20:02:00.903> XMBC has detected that the desktop is locked during startup. Skipping hook installation, wait until logon is complete.
23-05-2025 20:02:01.097> HookThreadProc[0x1640]: Using keyboard language 0x04090409
23-05-2025 20:04:00.947> You are using the latest available version of X-Mouse Button Control.

*******************************************************************************************************************************************
24-05-2025 14:32:23.321> X-Mouse Button Control v2.20.5 (x64) Startup. Commandline '/notportable /delay'
24-05-2025 14:32:23.333> Running in high integrity mode (as Administrator) (0x00003000)
24-05-2025 14:32:23.349> Loaded 0 application specific profiles (0 normal and 0 custom window).
24-05-2025 14:32:23.349> Running on Microsoft Windows 10 Professional Edition (build 19045), 64-bit, Hook Timeout: 200 ms
24-05-2025 14:32:23.349> Warning: Low Level Hook Timeout is low. If you have problems try increasing this value.
24-05-2025 14:32:23.349> Startup folder: 'C:\Program Files\Highresolution Enterprises\X-Mouse Button Control\'
24-05-2025 14:32:23.350> Settings (and log) folder: 'C:\Users\Izuk\Programs\Xmouse\'
24-05-2025 14:32:23.436> HookThreadProc[0x3810]: Using keyboard language 0x04090409
24-05-2025 14:34:23.476> Failed to query the version DNS record. Status=1460

*******************************************************************************************************************************************
25-05-2025 07:40:52.333> X-Mouse Button Control v2.20.5 (x64) Startup. Commandline '/notportable /delay'
25-05-2025 07:40:52.345> Running in high integrity mode (as Administrator) (0x00003000)
25-05-2025 07:40:52.370> Loaded 0 application specific profiles (0 normal and 0 custom window).
25-05-2025 07:40:52.370> Running on Microsoft Windows 10 Professional Edition (build 19045), 64-bit, Hook Timeout: 200 ms
25-05-2025 07:40:52.370> Warning: Low Level Hook Timeout is low. If you have problems try increasing this value.
25-05-2025 07:40:52.370> Startup folder: 'C:\Program Files\Highresolution Enterprises\X-Mouse Button Control\'
25-05-2025 07:40:52.370> Settings (and log) folder: 'C:\Users\Izuk\Programs\Xmouse\'
25-05-2025 07:40:52.566> HookThreadProc[0x2E20]: Using keyboard language 0x04090409
25-05-2025 07:42:52.626> You are using the latest available version of X-Mouse Button Control.

*******************************************************************************************************************************************
25-05-2025 13:18:42.865> X-Mouse Button Control v2.20.5 (x64) Startup. Commandline '/notportable /delay'
25-05-2025 13:18:42.871> Running in high integrity mode (as Administrator) (0x00003000)
25-05-2025 13:18:42.902> Loaded 0 application specific profiles (0 normal and 0 custom window).
25-05-2025 13:18:42.904> Running on Microsoft Windows 10 Professional Edition (build 19045), 64-bit, Hook Timeout: 200 ms
25-05-2025 13:18:42.904> Warning: Low Level Hook Timeout is low. If you have problems try increasing this value.
25-05-2025 13:18:42.904> Startup folder: 'C:\Program Files\Highresolution Enterprises\X-Mouse Button Control\'
25-05-2025 13:18:42.904> Settings (and log) folder: 'C:\Users\Izuk\Programs\Xmouse\'
25-05-2025 13:18:43.115> HookThreadProc[0x2BB0]: Using keyboard language 0x04090409
25-05-2025 13:20:43.156> You are using the latest available version of X-Mouse Button Control.
25-05-2025 19:20:33.474> You are using the latest available version of X-Mouse Button Control.

*******************************************************************************************************************************************
27-05-2025 18:49:59.769> X-Mouse Button Control v2.20.5 (x64) Startup. Commandline '/notportable /delay'
27-05-2025 18:49:59.787> Running in high integrity mode (as Administrator) (0x00003000)
27-05-2025 18:49:59.819> Loaded 0 application specific profiles (0 normal and 0 custom window).
27-05-2025 18:49:59.819> Running on Microsoft Windows 10 Professional Edition (build 19045), 64-bit, Hook Timeout: 200 ms
27-05-2025 18:49:59.819> Warning: Low Level Hook Timeout is low. If you have problems try increasing this value.
27-05-2025 18:49:59.819> Startup folder: 'C:\Program Files\Highresolution Enterprises\X-Mouse Button Control\'
27-05-2025 18:49:59.819> Settings (and log) folder: 'C:\Users\Izuk\Programs\Xmouse\'
27-05-2025 18:49:59.979> HookThreadProc[0x2164]: Using keyboard language 0x04090409
27-05-2025 18:52:00.053> You are using the latest available version of X-Mouse Button Control.

*******************************************************************************************************************************************
28-05-2025 18:53:42.574> X-Mouse Button Control v2.20.5 (x64) Startup. Commandline '/notportable /delay'
28-05-2025 18:53:42.576> Running in high integrity mode (as Administrator) (0x00003000)
28-05-2025 18:53:42.596> Loaded 0 application specific profiles (0 normal and 0 custom window).
28-05-2025 18:53:42.596> Running on Microsoft Windows 10 Professional Edition (build 19045), 64-bit, Hook Timeout: 200 ms
28-05-2025 18:53:42.596> Warning: Low Level Hook Timeout is low. If you have problems try increasing this value.
28-05-2025 18:53:42.597> Startup folder: 'C:\Program Files\Highresolution Enterprises\X-Mouse Button Control\'
28-05-2025 18:53:42.597> Settings (and log) folder: 'C:\Users\Izuk\Programs\Xmouse\'
28-05-2025 18:53:42.962> XMBC has detected that the desktop is locked during startup. Skipping hook installation, wait until logon is complete.
28-05-2025 18:55:43.005> You are using the latest available version of X-Mouse Button Control.
28-05-2025 19:03:54.364> HookThreadProc[0x988]: Using keyboard language 0x04090409

*******************************************************************************************************************************************
29-05-2025 20:28:05.055> X-Mouse Button Control v2.20.5 (x64) Startup. Commandline '/notportable /delay'
29-05-2025 20:28:05.091> Running in high integrity mode (as Administrator) (0x00003000)
29-05-2025 20:28:05.135> Loaded 0 application specific profiles (0 normal and 0 custom window).
29-05-2025 20:28:05.137> Running on Microsoft Windows 10 Professional Edition (build 19045), 64-bit, Hook Timeout: 200 ms
29-05-2025 20:28:05.137> Warning: Low Level Hook Timeout is low. If you have problems try increasing this value.
29-05-2025 20:28:05.137> Startup folder: 'C:\Program Files\Highresolution Enterprises\X-Mouse Button Control\'
29-05-2025 20:28:05.137> Settings (and log) folder: 'C:\Users\Izuk\Programs\Xmouse\'
29-05-2025 20:28:05.359> HookThreadProc[0x31E8]: Using keyboard language 0x04090409
29-05-2025 20:30:05.412> You are using the latest available version of X-Mouse Button Control.

*******************************************************************************************************************************************
30-05-2025 13:37:07.157> X-Mouse Button Control v2.20.5 (x64) Startup. Commandline '/notportable /delay'
30-05-2025 13:37:07.173> Running in high integrity mode (as Administrator) (0x00003000)
30-05-2025 13:37:07.195> Loaded 0 application specific profiles (0 normal and 0 custom window).
30-05-2025 13:37:07.196> Running on Microsoft Windows 10 Professional Edition (build 19045), 64-bit, Hook Timeout: 200 ms
30-05-2025 13:37:07.196> Warning: Low Level Hook Timeout is low. If you have problems try increasing this value.
30-05-2025 13:37:07.196> Startup folder: 'C:\Program Files\Highresolution Enterprises\X-Mouse Button Control\'
30-05-2025 13:37:07.196> Settings (and log) folder: 'C:\Users\Izuk\Programs\Xmouse\'
30-05-2025 13:37:07.297> HookThreadProc[0x3304]: Using keyboard language 0x04090409
30-05-2025 13:39:07.349> You are using the latest available version of X-Mouse Button Control.

*******************************************************************************************************************************************
30-05-2025 20:02:28.556> X-Mouse Button Control v2.20.5 (x64) Startup. Commandline '/notportable /delay'
30-05-2025 20:02:28.924> Running in high integrity mode (as Administrator) (0x00003000)
30-05-2025 20:02:28.955> Loaded 0 application specific profiles (0 normal and 0 custom window).
30-05-2025 20:02:28.957> Running on Microsoft Windows 10 Professional Edition (build 19045), 64-bit, Hook Timeout: 200 ms
30-05-2025 20:02:28.957> Warning: Low Level Hook Timeout is low. If you have problems try increasing this value.
30-05-2025 20:02:28.957> Startup folder: 'C:\Program Files\Highresolution Enterprises\X-Mouse Button Control\'
30-05-2025 20:02:28.957> Settings (and log) folder: 'C:\Users\Izuk\Programs\Xmouse\'
30-05-2025 20:02:29.181> HookThreadProc[0x3134]: Using keyboard language 0x04090409
30-05-2025 20:04:29.225> You are using the latest available version of X-Mouse Button Control.

*******************************************************************************************************************************************
01-06-2025 20:15:32.856> X-Mouse Button Control v2.20.5 (x64) Startup. Commandline '/notportable /delay'
01-06-2025 20:15:32.878> Running in high integrity mode (as Administrator) (0x00003000)
01-06-2025 20:15:32.913> Loaded 0 application specific profiles (0 normal and 0 custom window).
01-06-2025 20:15:32.914> Running on Microsoft Windows 10 Professional Edition (build 19045), 64-bit, Hook Timeout: 200 ms
01-06-2025 20:15:32.914> Warning: Low Level Hook Timeout is low. If you have problems try increasing this value.
01-06-2025 20:15:32.914> Startup folder: 'C:\Program Files\Highresolution Enterprises\X-Mouse Button Control\'
01-06-2025 20:15:32.914> Settings (and log) folder: 'C:\Users\Izuk\Programs\Xmouse\'
01-06-2025 20:15:33.068> HookThreadProc[0x3200]: Using keyboard language 0x04090409
01-06-2025 20:17:33.136> You are using the latest available version of X-Mouse Button Control.

*******************************************************************************************************************************************
02-06-2025 18:55:20.809> X-Mouse Button Control v2.20.5 (x64) Startup. Commandline '/notportable /delay'
02-06-2025 18:55:21.099> Running in high integrity mode (as Administrator) (0x00003000)
02-06-2025 18:55:21.307> Loaded 0 application specific profiles (0 normal and 0 custom window).
02-06-2025 18:55:21.355> Running on Microsoft Windows 10 Professional Edition (build 19045), 64-bit, Hook Timeout: 200 ms
02-06-2025 18:55:21.355> Warning: Low Level Hook Timeout is low. If you have problems try increasing this value.
02-06-2025 18:55:21.355> Startup folder: 'C:\Program Files\Highresolution Enterprises\X-Mouse Button Control\'
02-06-2025 18:55:21.355> Settings (and log) folder: 'C:\Users\Izuk\Programs\Xmouse\'
02-06-2025 18:55:21.824> HookThreadProc[0x2278]: Using keyboard language 0x04090409
02-06-2025 18:57:21.870> You are using the latest available version of X-Mouse Button Control.

*******************************************************************************************************************************************
02-06-2025 19:18:05.756> X-Mouse Button Control v2.20.5 (x64) Startup. Commandline '/notportable /delay'
02-06-2025 19:18:05.767> Running in high integrity mode (as Administrator) (0x00003000)
02-06-2025 19:18:05.785> Loaded 0 application specific profiles (0 normal and 0 custom window).
02-06-2025 19:18:05.786> Running on Microsoft Windows 10 Professional Edition (build 19045), 64-bit, Hook Timeout: 200 ms
02-06-2025 19:18:05.786> Warning: Low Level Hook Timeout is low. If you have problems try increasing this value.
02-06-2025 19:18:05.786> Startup folder: 'C:\Program Files\Highresolution Enterprises\X-Mouse Button Control\'
02-06-2025 19:18:05.786> Settings (and log) folder: 'C:\Users\Izuk\Programs\Xmouse\'
02-06-2025 19:18:05.895> HookThreadProc[0x2A6C]: Using keyboard language 0x04090409
02-06-2025 19:20:05.926> You are using the latest available version of X-Mouse Button Control.

*******************************************************************************************************************************************
02-06-2025 20:47:55.057> X-Mouse Button Control v2.20.5 (x64) Startup. Commandline '/notportable /delay'
02-06-2025 20:47:55.085> Running in high integrity mode (as Administrator) (0x00003000)
02-06-2025 20:47:55.111> Loaded 0 application specific profiles (0 normal and 0 custom window).
02-06-2025 20:47:55.113> Running on Microsoft Windows 10 Professional Edition (build 19045), 64-bit, Hook Timeout: 200 ms
02-06-2025 20:47:55.113> Warning: Low Level Hook Timeout is low. If you have problems try increasing this value.
02-06-2025 20:47:55.113> Startup folder: 'C:\Program Files\Highresolution Enterprises\X-Mouse Button Control\'
02-06-2025 20:47:55.113> Settings (and log) folder: 'C:\Users\Izuk\Programs\Xmouse\'
02-06-2025 20:47:55.307> HookThreadProc[0x2DB0]: Using keyboard language 0x04090409
02-06-2025 20:49:55.332> You are using the latest available version of X-Mouse Button Control.

*******************************************************************************************************************************************
02-06-2025 21:07:48.619> X-Mouse Button Control v2.20.5 (x64) Startup. Commandline '/notportable /delay'
02-06-2025 21:07:48.642> Running in high integrity mode (as Administrator) (0x00003000)
02-06-2025 21:07:48.657> Loaded 0 application specific profiles (0 normal and 0 custom window).
02-06-2025 21:07:48.658> Running on Microsoft Windows 10 Professional Edition (build 19045), 64-bit, Hook Timeout: 200 ms
02-06-2025 21:07:48.658> Warning: Low Level Hook Timeout is low. If you have problems try increasing this value.
02-06-2025 21:07:48.658> Startup folder: 'C:\Program Files\Highresolution Enterprises\X-Mouse Button Control\'
02-06-2025 21:07:48.658> Settings (and log) folder: 'C:\Users\Izuk\Programs\Xmouse\'
02-06-2025 21:07:48.850> HookThreadProc[0x2EA8]: Using keyboard language 0x04090409
02-06-2025 21:09:48.879> You are using the latest available version of X-Mouse Button Control.

*******************************************************************************************************************************************
03-06-2025 18:43:23.794> X-Mouse Button Control v2.20.5 (x64) Startup. Commandline '/notportable /delay'
03-06-2025 18:43:23.797> Running in high integrity mode (as Administrator) (0x00003000)
03-06-2025 18:43:23.813> Loaded 0 application specific profiles (0 normal and 0 custom window).
03-06-2025 18:43:23.813> Running on Microsoft Windows 10 Professional Edition (build 19045), 64-bit, Hook Timeout: 200 ms
03-06-2025 18:43:23.813> Warning: Low Level Hook Timeout is low. If you have problems try increasing this value.
03-06-2025 18:43:23.813> Startup folder: 'C:\Program Files\Highresolution Enterprises\X-Mouse Button Control\'
03-06-2025 18:43:23.813> Settings (and log) folder: 'C:\Users\Izuk\Programs\Xmouse\'
03-06-2025 18:43:23.848> XMBC has detected that the desktop is locked during startup. Skipping hook installation, wait until logon is complete.
03-06-2025 18:44:58.667> HookThreadProc[0x2154]: Using keyboard language 0x04090409
03-06-2025 18:45:23.884> You are using the latest available version of X-Mouse Button Control.

*******************************************************************************************************************************************
06-06-2025 14:32:30.570> X-Mouse Button Control v2.20.5 (x64) Startup. Commandline '/notportable /delay'
06-06-2025 14:32:30.585> Running in high integrity mode (as Administrator) (0x00003000)
06-06-2025 14:32:30.602> Loaded 0 application specific profiles (0 normal and 0 custom window).
06-06-2025 14:32:30.602> Running on Microsoft Windows 10 Professional Edition (build 19045), 64-bit, Hook Timeout: 200 ms
06-06-2025 14:32:30.602> Warning: Low Level Hook Timeout is low. If you have problems try increasing this value.
06-06-2025 14:32:30.602> Startup folder: 'C:\Program Files\Highresolution Enterprises\X-Mouse Button Control\'
06-06-2025 14:32:30.602> Settings (and log) folder: 'C:\Users\Izuk\Programs\Xmouse\'
06-06-2025 14:32:30.942> XMBC has detected that the desktop is locked during startup. Skipping hook installation, wait until logon is complete.
06-06-2025 14:34:30.975> You are using the latest available version of X-Mouse Button Control.
06-06-2025 14:51:14.832> HookThreadProc[0xFE4]: Using keyboard language 0x04090409

*******************************************************************************************************************************************
06-06-2025 18:36:37.471> X-Mouse Button Control v2.20.5 (x64) Startup. Commandline '/notportable /delay'
06-06-2025 18:36:37.483> Running in high integrity mode (as Administrator) (0x00003000)
06-06-2025 18:36:37.503> Loaded 0 application specific profiles (0 normal and 0 custom window).
06-06-2025 18:36:37.504> Running on Microsoft Windows 10 Professional Edition (build 19045), 64-bit, Hook Timeout: 200 ms
06-06-2025 18:36:37.504> Warning: Low Level Hook Timeout is low. If you have problems try increasing this value.
06-06-2025 18:36:37.504> Startup folder: 'C:\Program Files\Highresolution Enterprises\X-Mouse Button Control\'
06-06-2025 18:36:37.505> Settings (and log) folder: 'C:\Users\Izuk\Programs\Xmouse\'
06-06-2025 18:36:37.599> HookThreadProc[0x14D8]: Using keyboard language 0x04090409
06-06-2025 18:38:37.629> You are using the latest available version of X-Mouse Button Control.

*******************************************************************************************************************************************
07-06-2025 13:19:03.343> X-Mouse Button Control v2.20.5 (x64) Startup. Commandline '/notportable /delay'
07-06-2025 13:19:03.346> Running in high integrity mode (as Administrator) (0x00003000)
07-06-2025 13:19:03.362> Loaded 0 application specific profiles (0 normal and 0 custom window).
07-06-2025 13:19:03.363> Running on Microsoft Windows 10 Professional Edition (build 19045), 64-bit, Hook Timeout: 200 ms
07-06-2025 13:19:03.364> Warning: Low Level Hook Timeout is low. If you have problems try increasing this value.
07-06-2025 13:19:03.364> Startup folder: 'C:\Program Files\Highresolution Enterprises\X-Mouse Button Control\'
07-06-2025 13:19:03.364> Settings (and log) folder: 'C:\Users\Izuk\Programs\Xmouse\'
07-06-2025 13:19:03.417> XMBC has detected that the desktop is locked during startup. Skipping hook installation, wait until logon is complete.
07-06-2025 13:21:03.470> You are using the latest available version of X-Mouse Button Control.
07-06-2025 13:21:41.163> HookThreadProc[0x25B4]: Using keyboard language 0x04090409
07-06-2025 19:21:03.459> You are using the latest available version of X-Mouse Button Control.

*******************************************************************************************************************************************
08-06-2025 16:30:47.774> X-Mouse Button Control v2.20.5 (x64) Startup. Commandline '/notportable /delay'
08-06-2025 16:30:47.789> Running in high integrity mode (as Administrator) (0x00003000)
08-06-2025 16:30:47.818> Loaded 0 application specific profiles (0 normal and 0 custom window).
08-06-2025 16:30:47.818> Running on Microsoft Windows 10 Professional Edition (build 19045), 64-bit, Hook Timeout: 200 ms
08-06-2025 16:30:47.818> Warning: Low Level Hook Timeout is low. If you have problems try increasing this value.
08-06-2025 16:30:47.818> Startup folder: 'C:\Program Files\Highresolution Enterprises\X-Mouse Button Control\'
08-06-2025 16:30:47.818> Settings (and log) folder: 'C:\Users\Izuk\Programs\Xmouse\'
08-06-2025 16:30:47.910> XMBC has detected that the desktop is locked during startup. Skipping hook installation, wait until logon is complete.
08-06-2025 16:32:13.933> HookThreadProc[0x2484]: Using keyboard language 0x04090409
08-06-2025 16:32:47.962> You are using the latest available version of X-Mouse Button Control.

*******************************************************************************************************************************************
10-06-2025 20:10:03.996> X-Mouse Button Control v2.20.5 (x64) Startup. Commandline '/notportable /delay'
10-06-2025 20:10:04.012> Running in high integrity mode (as Administrator) (0x00003000)
10-06-2025 20:10:04.028> Loaded 0 application specific profiles (0 normal and 0 custom window).
10-06-2025 20:10:04.028> Running on Microsoft Windows 10 Professional Edition (build 19045), 64-bit, Hook Timeout: 200 ms
10-06-2025 20:10:04.028> Warning: Low Level Hook Timeout is low. If you have problems try increasing this value.
10-06-2025 20:10:04.028> Startup folder: 'C:\Program Files\Highresolution Enterprises\X-Mouse Button Control\'
10-06-2025 20:10:04.028> Settings (and log) folder: 'C:\Users\Izuk\Programs\Xmouse\'
10-06-2025 20:10:04.122> HookThreadProc[0x2BA8]: Using keyboard language 0x04090409
10-06-2025 20:12:04.153> You are using the latest available version of X-Mouse Button Control.

*******************************************************************************************************************************************
11-06-2025 21:29:32.788> X-Mouse Button Control v2.20.5 (x64) Startup. Commandline '/notportable /delay'
11-06-2025 21:29:32.788> Running in high integrity mode (as Administrator) (0x00003000)
11-06-2025 21:29:32.804> Loaded 0 application specific profiles (0 normal and 0 custom window).
11-06-2025 21:29:32.804> Running on Microsoft Windows 10 Professional Edition (build 19045), 64-bit, Hook Timeout: 200 ms
11-06-2025 21:29:32.804> Warning: Low Level Hook Timeout is low. If you have problems try increasing this value.
11-06-2025 21:29:32.804> Startup folder: 'C:\Program Files\Highresolution Enterprises\X-Mouse Button Control\'
11-06-2025 21:29:32.804> Settings (and log) folder: 'C:\Users\Izuk\Programs\Xmouse\'
11-06-2025 21:29:32.900> HookThreadProc[0x2588]: Using keyboard language 0x04090409

*******************************************************************************************************************************************
11-06-2025 21:36:10.581> X-Mouse Button Control v2.20.5 (x64) Startup. Commandline '/notportable /delay'
11-06-2025 21:36:10.614> Running in high integrity mode (as Administrator) (0x00003000)
11-06-2025 21:36:10.630> Loaded 0 application specific profiles (0 normal and 0 custom window).
11-06-2025 21:36:10.630> Running on Microsoft Windows 10 Professional Edition (build 19045), 64-bit, Hook Timeout: 200 ms
11-06-2025 21:36:10.630> Warning: Low Level Hook Timeout is low. If you have problems try increasing this value.
11-06-2025 21:36:10.630> Startup folder: 'C:\Program Files\Highresolution Enterprises\X-Mouse Button Control\'
11-06-2025 21:36:10.630> Settings (and log) folder: 'C:\Users\Izuk\Programs\Xmouse\'
11-06-2025 21:36:10.710> HookThreadProc[0x2964]: Using keyboard language 0x04090409
11-06-2025 21:38:10.747> You are using the latest available version of X-Mouse Button Control.

*******************************************************************************************************************************************
12-06-2025 19:00:54.925> X-Mouse Button Control v2.20.5 (x64) Startup. Commandline '/notportable /delay'
12-06-2025 19:00:54.925> Running in high integrity mode (as Administrator) (0x00003000)
12-06-2025 19:00:54.935> Loaded 0 application specific profiles (0 normal and 0 custom window).
12-06-2025 19:00:54.938> Running on Microsoft Windows 10 Professional Edition (build 19045), 64-bit, Hook Timeout: 200 ms
12-06-2025 19:00:54.938> Warning: Low Level Hook Timeout is low. If you have problems try increasing this value.
12-06-2025 19:00:54.938> Startup folder: 'C:\Program Files\Highresolution Enterprises\X-Mouse Button Control\'
12-06-2025 19:00:54.938> Settings (and log) folder: 'C:\Users\Izuk\Programs\Xmouse\'
12-06-2025 19:00:54.984> HookThreadProc[0x2EE8]: Using keyboard language 0x04090409

*******************************************************************************************************************************************
12-06-2025 19:03:15.424> X-Mouse Button Control v2.20.5 (x64) Startup. Commandline '/notportable /delay'
12-06-2025 19:03:15.456> Running in high integrity mode (as Administrator) (0x00003000)
12-06-2025 19:03:15.472> Loaded 0 application specific profiles (0 normal and 0 custom window).
12-06-2025 19:03:15.488> Running on Microsoft Windows 10 Professional Edition (build 19045), 64-bit, Hook Timeout: 200 ms
12-06-2025 19:03:15.488> Warning: Low Level Hook Timeout is low. If you have problems try increasing this value.
12-06-2025 19:03:15.488> Startup folder: 'C:\Program Files\Highresolution Enterprises\X-Mouse Button Control\'
12-06-2025 19:03:15.488> Settings (and log) folder: 'C:\Users\Izuk\Programs\Xmouse\'
12-06-2025 19:03:15.740> HookThreadProc[0x24AC]: Using keyboard language 0x04090409
12-06-2025 19:05:15.778> You are using the latest available version of X-Mouse Button Control.

*******************************************************************************************************************************************
12-06-2025 19:07:58.333> X-Mouse Button Control v2.20.5 (x64) Startup. Commandline '/notportable /delay'
12-06-2025 19:07:58.346> Running in high integrity mode (as Administrator) (0x00003000)
12-06-2025 19:07:58.367> Loaded 0 application specific profiles (0 normal and 0 custom window).
12-06-2025 19:07:58.368> Running on Microsoft Windows 10 Professional Edition (build 19045), 64-bit, Hook Timeout: 200 ms
12-06-2025 19:07:58.368> Warning: Low Level Hook Timeout is low. If you have problems try increasing this value.
12-06-2025 19:07:58.368> Startup folder: 'C:\Program Files\Highresolution Enterprises\X-Mouse Button Control\'
12-06-2025 19:07:58.368> Settings (and log) folder: 'C:\Users\Izuk\Programs\Xmouse\'
12-06-2025 19:07:58.468> HookThreadProc[0xA80]: Using keyboard language 0x04090409
12-06-2025 19:09:58.489> You are using the latest available version of X-Mouse Button Control.

*******************************************************************************************************************************************
12-06-2025 19:30:16.627> X-Mouse Button Control v2.20.5 (x64) Startup. Commandline '/notportable /delay'
12-06-2025 19:30:16.692> Running in high integrity mode (as Administrator) (0x00003000)
12-06-2025 19:30:16.708> Loaded 0 application specific profiles (0 normal and 0 custom window).
12-06-2025 19:30:16.724> Running on Microsoft Windows 10 Professional Edition (build 19045), 64-bit, Hook Timeout: 200 ms
12-06-2025 19:30:16.724> Warning: Low Level Hook Timeout is low. If you have problems try increasing this value.
12-06-2025 19:30:16.724> Startup folder: 'C:\Program Files\Highresolution Enterprises\X-Mouse Button Control\'
12-06-2025 19:30:16.724> Settings (and log) folder: 'C:\Users\Izuk\Programs\Xmouse\'
12-06-2025 19:30:16.983> HookThreadProc[0x13DC]: Using keyboard language 0x04090409
12-06-2025 19:32:17.074> You are using the latest available version of X-Mouse Button Control.
12-06-2025 19:40:11.290> ***************************************************************************
12-06-2025 19:40:11.290> WARNING: Mouse hook has taken too long (406 ms). Hook may be disabled.
12-06-2025 19:40:11.290> MouseHookData: Msg=0x020a (WM_MOUSEWHEEL), X=696, Y=707, Data=0xFF880000, Flags=0x00000000, Time=655531, Info=0x0, Ptr=0x10377, Layer=0
12-06-2025 19:40:11.290> ***************************************************************************

*******************************************************************************************************************************************
12-06-2025 19:54:28.913> X-Mouse Button Control v2.20.5 (x64) Startup. Commandline '/notportable /delay'
12-06-2025 19:54:28.971> Running in high integrity mode (as Administrator) (0x00003000)
12-06-2025 19:54:29.016> Loaded 0 application specific profiles (0 normal and 0 custom window).
12-06-2025 19:54:29.016> Running on Microsoft Windows 10 Professional Edition (build 19045), 64-bit, Hook Timeout: 200 ms
12-06-2025 19:54:29.016> Warning: Low Level Hook Timeout is low. If you have problems try increasing this value.
12-06-2025 19:54:29.016> Startup folder: 'C:\Program Files\Highresolution Enterprises\X-Mouse Button Control\'
12-06-2025 19:54:29.016> Settings (and log) folder: 'C:\Users\Izuk\Programs\Xmouse\'
12-06-2025 19:54:29.216> HookThreadProc[0x278C]: Using keyboard language 0x04090409
12-06-2025 19:56:29.257> You are using the latest available version of X-Mouse Button Control.

*******************************************************************************************************************************************
13-06-2025 14:51:33.101> X-Mouse Button Control v2.20.5 (x64) Startup. Commandline '/notportable /delay'
13-06-2025 14:51:33.101> Running in high integrity mode (as Administrator) (0x00003000)
13-06-2025 14:51:33.117> Loaded 0 application specific profiles (0 normal and 0 custom window).
13-06-2025 14:51:33.117> Running on Microsoft Windows 10 Professional Edition (build 19045), 64-bit, Hook Timeout: 200 ms
13-06-2025 14:51:33.117> Warning: Low Level Hook Timeout is low. If you have problems try increasing this value.
13-06-2025 14:51:33.117> Startup folder: 'C:\Program Files\Highresolution Enterprises\X-Mouse Button Control\'
13-06-2025 14:51:33.117> Settings (and log) folder: 'C:\Users\Izuk\Programs\Xmouse\'
13-06-2025 14:51:33.426> HookThreadProc[0x1FC0]: Using keyboard language 0x04090409
13-06-2025 14:53:33.439> You are using the latest available version of X-Mouse Button Control.
13-06-2025 20:53:33.451> You are using the latest available version of X-Mouse Button Control.

*******************************************************************************************************************************************
14-06-2025 13:37:34.314> X-Mouse Button Control v2.20.5 (x64) Startup. Commandline '/notportable /delay'
14-06-2025 13:37:34.330> Running in high integrity mode (as Administrator) (0x00003000)
14-06-2025 13:37:34.346> Loaded 0 application specific profiles (0 normal and 0 custom window).
14-06-2025 13:37:34.346> Running on Microsoft Windows 10 Professional Edition (build 19045), 64-bit, Hook Timeout: 200 ms
14-06-2025 13:37:34.346> Warning: Low Level Hook Timeout is low. If you have problems try increasing this value.
14-06-2025 13:37:34.346> Startup folder: 'C:\Program Files\Highresolution Enterprises\X-Mouse Button Control\'
14-06-2025 13:37:34.346> Settings (and log) folder: 'C:\Users\Izuk\Programs\Xmouse\'
14-06-2025 13:37:34.556> HookThreadProc[0x1C28]: Using keyboard language 0x04090409
14-06-2025 13:39:34.580> You are using the latest available version of X-Mouse Button Control.
14-06-2025 19:39:34.600> You are using the latest available version of X-Mouse Button Control.

*******************************************************************************************************************************************
15-06-2025 13:36:43.676> X-Mouse Button Control v2.20.5 (x64) Startup. Commandline '/notportable /delay'
15-06-2025 13:36:43.676> Running in high integrity mode (as Administrator) (0x00003000)
15-06-2025 13:36:43.706> Loaded 0 application specific profiles (0 normal and 0 custom window).
15-06-2025 13:36:43.707> Running on Microsoft Windows 10 Professional Edition (build 19045), 64-bit, Hook Timeout: 200 ms
15-06-2025 13:36:43.707> Warning: Low Level Hook Timeout is low. If you have problems try increasing this value.
15-06-2025 13:36:43.707> Startup folder: 'C:\Program Files\Highresolution Enterprises\X-Mouse Button Control\'
15-06-2025 13:36:43.707> Settings (and log) folder: 'C:\Users\Izuk\Programs\Xmouse\'
15-06-2025 13:36:43.934> HookThreadProc[0xE7C]: Using keyboard language 0x04090409
15-06-2025 13:38:43.974> You are using the latest available version of X-Mouse Button Control.
15-06-2025 15:28:12.072> CGenericThreadLock::Destructor The lock for 'CDebugLogQueue::PushDebugLog' took 1859ms to release!
15-06-2025 18:21:21.121> ***************************************************************************
15-06-2025 18:21:21.946> WARNING: Mouse hook has taken too long (390 ms). Hook may be disabled.
15-06-2025 18:21:21.946> MouseHookData: Msg=0x0200 (WM_MOUSEMOVE), X=452, Y=857, Data=0x00000000, Flags=0x00000000, Time=17206375, Info=0x0, Ptr=0x10352, Layer=0
15-06-2025 18:21:21.946> ***************************************************************************
15-06-2025 18:21:22.983> CThreadLock::Destructor The lock for 'HookThread WP_MOUSEHOOK' took 1047ms to release!
15-06-2025 18:21:30.823> CGenericThreadLock::Destructor The lock for 'CDebugLogQueue::PushDebugLog' took 3234ms to release!
15-06-2025 18:21:30.823> SPIThread[0x0000248C]: Took a long time (3234 ms) to process message 0x0000C1A5(0x00000000, 0x00000000).

*******************************************************************************************************************************************
15-06-2025 19:27:00.008> X-Mouse Button Control v2.20.5 (x64) Startup. Commandline '/notportable /delay'
15-06-2025 19:27:00.008> Running in high integrity mode (as Administrator) (0x00003000)
15-06-2025 19:27:00.024> Loaded 0 application specific profiles (0 normal and 0 custom window).
15-06-2025 19:27:00.024> Running on Microsoft Windows 10 Professional Edition (build 19045), 64-bit, Hook Timeout: 200 ms
15-06-2025 19:27:00.024> Warning: Low Level Hook Timeout is low. If you have problems try increasing this value.
15-06-2025 19:27:00.024> Startup folder: 'C:\Program Files\Highresolution Enterprises\X-Mouse Button Control\'
15-06-2025 19:27:00.024> Settings (and log) folder: 'C:\Users\Izuk\Programs\Xmouse\'
15-06-2025 19:27:00.088> XMBC has detected that the desktop is locked during startup. Skipping hook installation, wait until logon is complete.
15-06-2025 19:28:51.362> HookThreadProc[0x7D4]: Using keyboard language 0x04090409
15-06-2025 19:29:00.142> You are using the latest available version of X-Mouse Button Control.

*******************************************************************************************************************************************
17-06-2025 10:49:17.418> X-Mouse Button Control v2.20.5 (x64) Startup. Commandline '/notportable /delay'
17-06-2025 10:49:17.434> Running in high integrity mode (as Administrator) (0x00003000)
17-06-2025 10:49:17.434> Loaded 0 application specific profiles (0 normal and 0 custom window).
17-06-2025 10:49:17.434> Running on Microsoft Windows 10 Professional Edition (build 19045), 64-bit, Hook Timeout: 200 ms
17-06-2025 10:49:17.434> Warning: Low Level Hook Timeout is low. If you have problems try increasing this value.
17-06-2025 10:49:17.434> Startup folder: 'C:\Program Files\Highresolution Enterprises\X-Mouse Button Control\'
17-06-2025 10:49:17.434> Settings (and log) folder: 'C:\Users\Izuk\Programs\Xmouse\'
17-06-2025 10:49:17.466> XMBC has detected that the desktop is locked during startup. Skipping hook installation, wait until logon is complete.
17-06-2025 10:49:55.818> HookThreadProc[0x2200]: Using keyboard language 0x04090409
17-06-2025 10:51:17.491> You are using the latest available version of X-Mouse Button Control.
17-06-2025 16:51:17.495> You are using the latest available version of X-Mouse Button Control.
17-06-2025 22:51:17.492> You are using the latest available version of X-Mouse Button Control.

*******************************************************************************************************************************************
18-06-2025 09:11:52.055> X-Mouse Button Control v2.20.5 (x64) Startup. Commandline '/notportable /delay'
18-06-2025 09:11:52.070> Running in high integrity mode (as Administrator) (0x00003000)
18-06-2025 09:11:52.087> Loaded 0 application specific profiles (0 normal and 0 custom window).
18-06-2025 09:11:52.087> Running on Microsoft Windows 10 Professional Edition (build 19045), 64-bit, Hook Timeout: 200 ms
18-06-2025 09:11:52.087> Warning: Low Level Hook Timeout is low. If you have problems try increasing this value.
18-06-2025 09:11:52.087> Startup folder: 'C:\Program Files\Highresolution Enterprises\X-Mouse Button Control\'
18-06-2025 09:11:52.087> Settings (and log) folder: 'C:\Users\Izuk\Programs\Xmouse\'
18-06-2025 09:11:52.167> XMBC has detected that the desktop is locked during startup. Skipping hook installation, wait until logon is complete.
18-06-2025 09:13:52.199> You are using the latest available version of X-Mouse Button Control.
18-06-2025 09:14:32.467> HookThreadProc[0x3624]: Using keyboard language 0x04090409
18-06-2025 15:13:52.220> You are using the latest available version of X-Mouse Button Control.

*******************************************************************************************************************************************
19-06-2025 10:58:00.791> X-Mouse Button Control v2.20.5 (x64) Startup. Commandline '/notportable /delay'
19-06-2025 10:58:00.805> Running in high integrity mode (as Administrator) (0x00003000)
19-06-2025 10:58:00.821> Loaded 0 application specific profiles (0 normal and 0 custom window).
19-06-2025 10:58:00.822> Running on Microsoft Windows 10 Professional Edition (build 19045), 64-bit, Hook Timeout: 200 ms
19-06-2025 10:58:00.822> Warning: Low Level Hook Timeout is low. If you have problems try increasing this value.
19-06-2025 10:58:00.822> Startup folder: 'C:\Program Files\Highresolution Enterprises\X-Mouse Button Control\'
19-06-2025 10:58:00.822> Settings (and log) folder: 'C:\Users\Izuk\Programs\Xmouse\'
19-06-2025 10:58:00.891> XMBC has detected that the desktop is locked during startup. Skipping hook installation, wait until logon is complete.
19-06-2025 10:58:31.908> HookThreadProc[0x205C]: Using keyboard language 0x04090409
19-06-2025 11:00:00.920> You are using the latest available version of X-Mouse Button Control.
19-06-2025 17:00:00.944> You are using the latest available version of X-Mouse Button Control.

*******************************************************************************************************************************************
19-06-2025 20:24:39.007> X-Mouse Button Control v2.20.5 (x64) Startup. Commandline '/notportable /delay'
19-06-2025 20:24:39.024> Running in high integrity mode (as Administrator) (0x00003000)
19-06-2025 20:24:39.041> Loaded 0 application specific profiles (0 normal and 0 custom window).
19-06-2025 20:24:39.042> Running on Microsoft Windows 10 Professional Edition (build 19045), 64-bit, Hook Timeout: 200 ms
19-06-2025 20:24:39.042> Warning: Low Level Hook Timeout is low. If you have problems try increasing this value.
19-06-2025 20:24:39.042> Startup folder: 'C:\Program Files\Highresolution Enterprises\X-Mouse Button Control\'
19-06-2025 20:24:39.042> Settings (and log) folder: 'C:\Users\Izuk\Programs\Xmouse\'
19-06-2025 20:24:39.109> XMBC has detected that the desktop is locked during startup. Skipping hook installation, wait until logon is complete.
19-06-2025 20:26:39.171> You are using the latest available version of X-Mouse Button Control.
19-06-2025 20:27:03.411> HookThreadProc[0x2F50]: Using keyboard language 0x04090409

*******************************************************************************************************************************************
20-06-2025 10:03:53.330> X-Mouse Button Control v2.20.5 (x64) Startup. Commandline '/notportable /delay'
20-06-2025 10:03:53.349> Running in high integrity mode (as Administrator) (0x00003000)
20-06-2025 10:03:53.367> Loaded 0 application specific profiles (0 normal and 0 custom window).
20-06-2025 10:03:53.367> Running on Microsoft Windows 10 Professional Edition (build 19045), 64-bit, Hook Timeout: 200 ms
20-06-2025 10:03:53.367> Warning: Low Level Hook Timeout is low. If you have problems try increasing this value.
20-06-2025 10:03:53.367> Startup folder: 'C:\Program Files\Highresolution Enterprises\X-Mouse Button Control\'
20-06-2025 10:03:53.367> Settings (and log) folder: 'C:\Users\Izuk\Programs\Xmouse\'
20-06-2025 10:03:53.575> HookThreadProc[0x2DDC]: Using keyboard language 0x04090409
20-06-2025 10:05:53.602> You are using the latest available version of X-Mouse Button Control.
20-06-2025 16:05:53.617> You are using the latest available version of X-Mouse Button Control.
20-06-2025 21:10:20.506> Power State: System is suspending operation.
20-06-2025 21:10:20.509> Power State: Reinstall mouse hook on resume is enabled. Remove hook before suspending...
21-06-2025 10:55:35.406> Power State: Operation resuming automatically after event.
21-06-2025 10:55:35.447> Power State: Reinstall mouse hook on resume is enabled. Re-hooking mouse...
21-06-2025 10:55:36.328> CGenericThreadLock::Destructor The lock for 'CDebugLogQueue::PushDebugLog' took 891ms to release!
21-06-2025 10:55:36.578> Loaded 0 application specific profiles (0 normal and 0 custom window).
21-06-2025 10:55:37.904> HookThreadProc[0x3544]: Using keyboard language 0x04090409
21-06-2025 10:55:37.905> CGenericThreadLock::Destructor The lock for 'CDebugLogQueue::PushDebugLog' took 1328ms to release!
21-06-2025 10:56:05.393> Session Unlock: Reinstall mouse hook on resume is enabled but we only installed hooks 27484ms ago - Ignoring session unlock.

*******************************************************************************************************************************************
21-06-2025 10:57:23.888> X-Mouse Button Control v2.20.5 (x64) Startup. Commandline '/notportable /delay'
21-06-2025 10:57:23.900> Running in high integrity mode (as Administrator) (0x00003000)
21-06-2025 10:57:23.916> Loaded 0 application specific profiles (0 normal and 0 custom window).
21-06-2025 10:57:23.917> Running on Microsoft Windows 10 Professional Edition (build 19045), 64-bit, Hook Timeout: 200 ms
21-06-2025 10:57:23.917> Warning: Low Level Hook Timeout is low. If you have problems try increasing this value.
21-06-2025 10:57:23.917> Startup folder: 'C:\Program Files\Highresolution Enterprises\X-Mouse Button Control\'
21-06-2025 10:57:23.917> Settings (and log) folder: 'C:\Users\Izuk\Programs\Xmouse\'
21-06-2025 10:57:24.105> HookThreadProc[0x2504]: Using keyboard language 0x04090409
21-06-2025 10:59:24.143> You are using the latest available version of X-Mouse Button Control.
21-06-2025 16:59:24.185> You are using the latest available version of X-Mouse Button Control.

*******************************************************************************************************************************************
21-06-2025 18:25:53.141> X-Mouse Button Control v2.20.5 (x64) Startup. Commandline '/notportable /delay'
21-06-2025 18:25:53.167> Running in high integrity mode (as Administrator) (0x00003000)
21-06-2025 18:25:53.181> Loaded 0 application specific profiles (0 normal and 0 custom window).
21-06-2025 18:25:53.181> Running on Microsoft Windows 10 Professional Edition (build 19045), 64-bit, Hook Timeout: 200 ms
21-06-2025 18:25:53.181> Warning: Low Level Hook Timeout is low. If you have problems try increasing this value.
21-06-2025 18:25:53.181> Startup folder: 'C:\Program Files\Highresolution Enterprises\X-Mouse Button Control\'
21-06-2025 18:25:53.181> Settings (and log) folder: 'C:\Users\Izuk\Programs\Xmouse\'
21-06-2025 18:25:53.400> HookThreadProc[0x2C94]: Using keyboard language 0x04090409
21-06-2025 18:27:53.429> You are using the latest available version of X-Mouse Button Control.

*******************************************************************************************************************************************
22-06-2025 10:06:53.131> X-Mouse Button Control v2.20.5 (x64) Startup. Commandline '/notportable /delay'
22-06-2025 10:06:53.131> Running in high integrity mode (as Administrator) (0x00003000)
22-06-2025 10:06:53.148> Loaded 0 application specific profiles (0 normal and 0 custom window).
22-06-2025 10:06:53.148> Running on Microsoft Windows 10 Professional Edition (build 19045), 64-bit, Hook Timeout: 200 ms
22-06-2025 10:06:53.148> Warning: Low Level Hook Timeout is low. If you have problems try increasing this value.
22-06-2025 10:06:53.148> Startup folder: 'C:\Program Files\Highresolution Enterprises\X-Mouse Button Control\'
22-06-2025 10:06:53.148> Settings (and log) folder: 'C:\Users\Izuk\Programs\Xmouse\'
22-06-2025 10:06:53.212> XMBC has detected that the desktop is locked during startup. Skipping hook installation, wait until logon is complete.
22-06-2025 10:08:53.230> You are using the latest available version of X-Mouse Button Control.
22-06-2025 10:16:11.456> HookThreadProc[0x2C18]: Using keyboard language 0x04090409
22-06-2025 16:08:53.225> You are using the latest available version of X-Mouse Button Control.

*******************************************************************************************************************************************
22-06-2025 19:27:18.607> X-Mouse Button Control v2.20.5 (x64) Startup. Commandline '/notportable /delay'
22-06-2025 19:27:18.607> Running in high integrity mode (as Administrator) (0x00003000)
22-06-2025 19:27:18.624> Loaded 0 application specific profiles (0 normal and 0 custom window).
22-06-2025 19:27:18.624> Running on Microsoft Windows 10 Professional Edition (build 19045), 64-bit, Hook Timeout: 200 ms
22-06-2025 19:27:18.624> Warning: Low Level Hook Timeout is low. If you have problems try increasing this value.
22-06-2025 19:27:18.624> Startup folder: 'C:\Program Files\Highresolution Enterprises\X-Mouse Button Control\'
22-06-2025 19:27:18.624> Settings (and log) folder: 'C:\Users\Izuk\Programs\Xmouse\'
22-06-2025 19:27:18.828> HookThreadProc[0x3764]: Using keyboard language 0x04090409
22-06-2025 19:29:18.879> You are using the latest available version of X-Mouse Button Control.

*******************************************************************************************************************************************
23-06-2025 18:38:36.231> X-Mouse Button Control v2.20.5 (x64) Startup. Commandline '/notportable /delay'
23-06-2025 18:38:36.255> Running in high integrity mode (as Administrator) (0x00003000)
23-06-2025 18:38:36.259> Loaded 0 application specific profiles (0 normal and 0 custom window).
23-06-2025 18:38:36.259> Running on Microsoft Windows 10 Professional Edition (build 19045), 64-bit, Hook Timeout: 200 ms
23-06-2025 18:38:36.259> Warning: Low Level Hook Timeout is low. If you have problems try increasing this value.
23-06-2025 18:38:36.259> Startup folder: 'C:\Program Files\Highresolution Enterprises\X-Mouse Button Control\'
23-06-2025 18:38:36.259> Settings (and log) folder: 'C:\Users\Izuk\Programs\Xmouse\'
23-06-2025 18:38:36.330> HookThreadProc[0x2EB4]: Using keyboard language 0x04090409
23-06-2025 18:40:36.383> You are using the latest available version of X-Mouse Button Control.
23-06-2025 20:30:47.724> Power State: System is suspending operation.
23-06-2025 20:30:47.724> Power State: Reinstall mouse hook on resume is enabled. Remove hook before suspending...
23-06-2025 21:02:21.018> Power State: Operation resuming automatically after event.
23-06-2025 21:02:21.018> Power State: Reinstall mouse hook on resume is enabled. Re-hooking mouse...
23-06-2025 21:02:21.459> Loaded 0 application specific profiles (0 normal and 0 custom window).
23-06-2025 21:02:23.754> HookThreadProc[0x2AFC]: Using keyboard language 0x04090409
23-06-2025 21:02:23.754> CGenericThreadLock::Destructor The lock for 'CDebugLogQueue::PushDebugLog' took 2297ms to release!
23-06-2025 21:03:15.524> Session Unlock: Reinstall mouse hook on resume is enabled, and we last installed hooks more than 30sec ago - Resetting hooks on session logon...
23-06-2025 21:03:15.707> HookThreadProc[0x3554]: Using keyboard language 0x04090409
23-06-2025 21:04:21.027> You are using the latest available version of X-Mouse Button Control.

*******************************************************************************************************************************************
25-06-2025 18:51:23.662> X-Mouse Button Control v2.20.5 (x64) Startup. Commandline '/notportable /delay'
25-06-2025 18:51:23.662> Running in high integrity mode (as Administrator) (0x00003000)
25-06-2025 18:51:23.671> Loaded 0 application specific profiles (0 normal and 0 custom window).
25-06-2025 18:51:23.672> Running on Microsoft Windows 10 Professional Edition (build 19045), 64-bit, Hook Timeout: 200 ms
25-06-2025 18:51:23.672> Warning: Low Level Hook Timeout is low. If you have problems try increasing this value.
25-06-2025 18:51:23.672> Startup folder: 'C:\Program Files\Highresolution Enterprises\X-Mouse Button Control\'
25-06-2025 18:51:23.672> Settings (and log) folder: 'C:\Users\Izuk\Programs\Xmouse\'
25-06-2025 18:51:23.697> XMBC has detected that the desktop is locked during startup. Skipping hook installation, wait until logon is complete.
25-06-2025 18:52:29.802> HookThreadProc[0xE08]: Using keyboard language 0x04090409
25-06-2025 18:53:23.708> You are using the latest available version of X-Mouse Button Control.

*******************************************************************************************************************************************
26-06-2025 18:46:04.728> X-Mouse Button Control v2.20.5 (x64) Startup. Commandline '/notportable /delay'
26-06-2025 18:46:04.761> Running in high integrity mode (as Administrator) (0x00003000)
26-06-2025 18:46:04.777> Loaded 0 application specific profiles (0 normal and 0 custom window).
26-06-2025 18:46:04.777> Running on Microsoft Windows 10 Professional Edition (build 19045), 64-bit, Hook Timeout: 200 ms
26-06-2025 18:46:04.777> Warning: Low Level Hook Timeout is low. If you have problems try increasing this value.
26-06-2025 18:46:04.777> Startup folder: 'C:\Program Files\Highresolution Enterprises\X-Mouse Button Control\'
26-06-2025 18:46:04.777> Settings (and log) folder: 'C:\Users\Izuk\Programs\Xmouse\'
26-06-2025 18:46:05.036> HookThreadProc[0x1508]: Using keyboard language 0x04090409
26-06-2025 18:48:05.061> You are using the latest available version of X-Mouse Button Control.

*******************************************************************************************************************************************
27-06-2025 13:46:15.995> X-Mouse Button Control v2.20.5 (x64) Startup. Commandline '/notportable /delay'
27-06-2025 13:46:15.995> Running in high integrity mode (as Administrator) (0x00003000)
27-06-2025 13:46:16.011> Loaded 0 application specific profiles (0 normal and 0 custom window).
27-06-2025 13:46:16.011> Running on Microsoft Windows 10 Professional Edition (build 19045), 64-bit, Hook Timeout: 200 ms
27-06-2025 13:46:16.011> Warning: Low Level Hook Timeout is low. If you have problems try increasing this value.
27-06-2025 13:46:16.011> Startup folder: 'C:\Program Files\Highresolution Enterprises\X-Mouse Button Control\'
27-06-2025 13:46:16.011> Settings (and log) folder: 'C:\Users\Izuk\Programs\Xmouse\'
27-06-2025 13:46:16.221> HookThreadProc[0x3140]: Using keyboard language 0x04090409
27-06-2025 13:48:16.256> You are using the latest available version of X-Mouse Button Control.
27-06-2025 16:10:23.542> ***************************************************************************
27-06-2025 16:10:23.543> WARNING: Mouse hook has taken too long (391 ms). Hook may be disabled.
27-06-2025 16:10:23.543> MouseHookData: Msg=0x0202 (WM_LBUTTONUP), X=14, Y=308, Data=0x00000000, Flags=0x00000000, Time=510314796, Info=0x0, Ptr=0x203F1, Layer=0
27-06-2025 16:10:23.543> ***************************************************************************
27-06-2025 19:48:16.294> You are using the latest available version of X-Mouse Button Control.

*******************************************************************************************************************************************
30-06-2025 18:41:46.851> X-Mouse Button Control v2.20.5 (x64) Startup. Commandline '/notportable /delay'
30-06-2025 18:41:46.863> Running in high integrity mode (as Administrator) (0x00003000)
30-06-2025 18:41:46.872> Loaded 0 application specific profiles (0 normal and 0 custom window).
30-06-2025 18:41:46.872> Running on Microsoft Windows 10 Professional Edition (build 19045), 64-bit, Hook Timeout: 200 ms
30-06-2025 18:41:46.872> Warning: Low Level Hook Timeout is low. If you have problems try increasing this value.
30-06-2025 18:41:46.872> Startup folder: 'C:\Program Files\Highresolution Enterprises\X-Mouse Button Control\'
30-06-2025 18:41:46.872> Settings (and log) folder: 'C:\Users\Izuk\Programs\Xmouse\'
30-06-2025 18:41:47.257> XMBC has detected that the desktop is locked during startup. Skipping hook installation, wait until logon is complete.
30-06-2025 18:42:41.671> HookThreadProc[0x2520]: Using keyboard language 0x04090409
30-06-2025 18:43:47.280> You are using the latest available version of X-Mouse Button Control.

*******************************************************************************************************************************************
01-07-2025 19:09:04.877> X-Mouse Button Control v2.20.5 (x64) Startup. Commandline '/notportable /delay'
01-07-2025 19:09:04.877> Running in high integrity mode (as Administrator) (0x00003000)
01-07-2025 19:09:05.104> Loaded 0 application specific profiles (0 normal and 0 custom window).
01-07-2025 19:09:05.104> Running on Microsoft Windows 10 Professional Edition (build 19045), 64-bit, Hook Timeout: 200 ms
01-07-2025 19:09:05.104> Warning: Low Level Hook Timeout is low. If you have problems try increasing this value.
01-07-2025 19:09:05.104> Startup folder: 'C:\Program Files\Highresolution Enterprises\X-Mouse Button Control\'
01-07-2025 19:09:05.104> Settings (and log) folder: 'C:\Users\Izuk\Programs\Xmouse\'
01-07-2025 19:09:05.395> HookThreadProc[0x2440]: Using keyboard language 0x04090409
01-07-2025 19:11:05.440> You are using the latest available version of X-Mouse Button Control.

*******************************************************************************************************************************************
01-07-2025 19:13:00.011> X-Mouse Button Control v2.20.5 (x64) Startup. Commandline '/notportable /delay'
01-07-2025 19:13:00.027> Running in high integrity mode (as Administrator) (0x00003000)
01-07-2025 19:13:00.043> Loaded 0 application specific profiles (0 normal and 0 custom window).
01-07-2025 19:13:00.043> Running on Microsoft Windows 10 Professional Edition (build 19045), 64-bit, Hook Timeout: 200 ms
01-07-2025 19:13:00.043> Warning: Low Level Hook Timeout is low. If you have problems try increasing this value.
01-07-2025 19:13:00.043> Startup folder: 'C:\Program Files\Highresolution Enterprises\X-Mouse Button Control\'
01-07-2025 19:13:00.043> Settings (and log) folder: 'C:\Users\Izuk\Programs\Xmouse\'
01-07-2025 19:13:00.124> HookThreadProc[0x336C]: Using keyboard language 0x04090409
01-07-2025 19:15:00.191> You are using the latest available version of X-Mouse Button Control.

*******************************************************************************************************************************************
01-07-2025 20:36:24.145> X-Mouse Button Control v2.20.5 (x64) Startup. Commandline '/notportable /delay'
01-07-2025 20:36:24.145> Running in high integrity mode (as Administrator) (0x00003000)
01-07-2025 20:36:24.161> Loaded 0 application specific profiles (0 normal and 0 custom window).
01-07-2025 20:36:24.161> Running on Microsoft Windows 10 Professional Edition (build 19045), 64-bit, Hook Timeout: 200 ms
01-07-2025 20:36:24.161> Warning: Low Level Hook Timeout is low. If you have problems try increasing this value.
01-07-2025 20:36:24.161> Startup folder: 'C:\Program Files\Highresolution Enterprises\X-Mouse Button Control\'
01-07-2025 20:36:24.161> Settings (and log) folder: 'C:\Users\Izuk\Programs\Xmouse\'
01-07-2025 20:36:24.226> XMBC has detected that the desktop is locked during startup. Skipping hook installation, wait until logon is complete.
01-07-2025 20:38:24.249> You are using the latest available version of X-Mouse Button Control.
01-07-2025 20:52:36.762> HookThreadProc[0x1F48]: Using keyboard language 0x04090409

*******************************************************************************************************************************************
02-07-2025 19:26:16.932> X-Mouse Button Control v2.20.5 (x64) Startup. Commandline '/notportable /delay'
02-07-2025 19:26:16.932> Running in high integrity mode (as Administrator) (0x00003000)
02-07-2025 19:26:16.948> Loaded 0 application specific profiles (0 normal and 0 custom window).
02-07-2025 19:26:16.948> Running on Microsoft Windows 10 Professional Edition (build 19045), 64-bit, Hook Timeout: 200 ms
02-07-2025 19:26:16.948> Warning: Low Level Hook Timeout is low. If you have problems try increasing this value.
02-07-2025 19:26:16.948> Startup folder: 'C:\Program Files\Highresolution Enterprises\X-Mouse Button Control\'
02-07-2025 19:26:16.948> Settings (and log) folder: 'C:\Users\Izuk\Programs\Xmouse\'
02-07-2025 19:26:17.110> HookThreadProc[0x7CC]: Using keyboard language 0x04090409
02-07-2025 19:28:17.137> You are using the latest available version of X-Mouse Button Control.

*******************************************************************************************************************************************
03-07-2025 18:47:02.108> X-Mouse Button Control v2.20.5 (x64) Startup. Commandline '/notportable /delay'
03-07-2025 18:47:02.108> Running in high integrity mode (as Administrator) (0x00003000)
03-07-2025 18:47:02.124> Loaded 0 application specific profiles (0 normal and 0 custom window).
03-07-2025 18:47:02.124> Running on Microsoft Windows 10 Professional Edition (build 19045), 64-bit, Hook Timeout: 200 ms
03-07-2025 18:47:02.124> Warning: Low Level Hook Timeout is low. If you have problems try increasing this value.
03-07-2025 18:47:02.124> Startup folder: 'C:\Program Files\Highresolution Enterprises\X-Mouse Button Control\'
03-07-2025 18:47:02.124> Settings (and log) folder: 'C:\Users\Izuk\Programs\Xmouse\'
03-07-2025 18:47:02.205> XMBC has detected that the desktop is locked during startup. Skipping hook installation, wait until logon is complete.
03-07-2025 18:48:16.584> HookThreadProc[0x3B10]: Using keyboard language 0x04090409
03-07-2025 18:49:02.228> You are using the latest available version of X-Mouse Button Control.

*******************************************************************************************************************************************
04-07-2025 13:28:15.201> X-Mouse Button Control v2.20.5 (x64) Startup. Commandline '/notportable /delay'
04-07-2025 13:28:15.217> Running in high integrity mode (as Administrator) (0x00003000)
04-07-2025 13:28:15.217> Loaded 0 application specific profiles (0 normal and 0 custom window).
04-07-2025 13:28:15.233> Running on Microsoft Windows 10 Professional Edition (build 19045), 64-bit, Hook Timeout: 200 ms
04-07-2025 13:28:15.233> Warning: Low Level Hook Timeout is low. If you have problems try increasing this value.
04-07-2025 13:28:15.233> Startup folder: 'C:\Program Files\Highresolution Enterprises\X-Mouse Button Control\'
04-07-2025 13:28:15.233> Settings (and log) folder: 'C:\Users\Izuk\Programs\Xmouse\'
04-07-2025 13:28:15.282> XMBC has detected that the desktop is locked during startup. Skipping hook installation, wait until logon is complete.
04-07-2025 13:30:15.316> You are using the latest available version of X-Mouse Button Control.
04-07-2025 14:15:38.874> HookThreadProc[0x114C]: Using keyboard language 0x04090409

*******************************************************************************************************************************************
04-07-2025 19:37:41.247> X-Mouse Button Control v2.20.5 (x64) Startup. Commandline '/notportable /delay'
04-07-2025 19:37:41.264> Running in high integrity mode (as Administrator) (0x00003000)
04-07-2025 19:37:41.280> Loaded 0 application specific profiles (0 normal and 0 custom window).
04-07-2025 19:37:41.280> Running on Microsoft Windows 10 Professional Edition (build 19045), 64-bit, Hook Timeout: 200 ms
04-07-2025 19:37:41.280> Warning: Low Level Hook Timeout is low. If you have problems try increasing this value.
04-07-2025 19:37:41.280> Startup folder: 'C:\Program Files\Highresolution Enterprises\X-Mouse Button Control\'
04-07-2025 19:37:41.280> Settings (and log) folder: 'C:\Users\Izuk\Programs\Xmouse\'
04-07-2025 19:37:41.344> XMBC has detected that the desktop is locked during startup. Skipping hook installation, wait until logon is complete.
04-07-2025 19:37:42.171> HookThreadProc[0x2DCC]: Using keyboard language 0x04090409
04-07-2025 19:39:41.372> You are using the latest available version of X-Mouse Button Control.

*******************************************************************************************************************************************
05-07-2025 15:23:55.622> X-Mouse Button Control v2.20.5 (x64) Startup. Commandline '/notportable /delay'
05-07-2025 15:23:55.640> Running in high integrity mode (as Administrator) (0x00003000)
05-07-2025 15:23:55.658> Loaded 0 application specific profiles (0 normal and 0 custom window).
05-07-2025 15:23:55.658> Running on Microsoft Windows 10 Professional Edition (build 19045), 64-bit, Hook Timeout: 200 ms
05-07-2025 15:23:55.658> Warning: Low Level Hook Timeout is low. If you have problems try increasing this value.
05-07-2025 15:23:55.658> Startup folder: 'C:\Program Files\Highresolution Enterprises\X-Mouse Button Control\'
05-07-2025 15:23:55.658> Settings (and log) folder: 'C:\Users\Izuk\Programs\Xmouse\'
05-07-2025 15:23:55.755> HookThreadProc[0xFF4]: Using keyboard language 0x04090409
05-07-2025 15:25:55.781> You are using the latest available version of X-Mouse Button Control.

*******************************************************************************************************************************************
05-07-2025 22:36:16.767> X-Mouse Button Control v2.20.5 (x64) Startup. Commandline '/notportable /delay'
05-07-2025 22:36:16.783> Running in high integrity mode (as Administrator) (0x00003000)
05-07-2025 22:36:16.800> Loaded 0 application specific profiles (0 normal and 0 custom window).
05-07-2025 22:36:16.800> Running on Microsoft Windows 10 Professional Edition (build 19045), 64-bit, Hook Timeout: 200 ms
05-07-2025 22:36:16.800> Warning: Low Level Hook Timeout is low. If you have problems try increasing this value.
05-07-2025 22:36:16.800> Startup folder: 'C:\Program Files\Highresolution Enterprises\X-Mouse Button Control\'
05-07-2025 22:36:16.800> Settings (and log) folder: 'C:\Users\Izuk\Programs\Xmouse\'
05-07-2025 22:36:16.978> HookThreadProc[0x172C]: Using keyboard language 0x04090409
05-07-2025 22:38:17.021> You are using the latest available version of X-Mouse Button Control.

*******************************************************************************************************************************************
06-07-2025 09:56:47.822> X-Mouse Button Control v2.20.5 (x64) Startup. Commandline '/notportable /delay'
06-07-2025 09:56:47.838> Running in high integrity mode (as Administrator) (0x00003000)
06-07-2025 09:56:47.854> Loaded 0 application specific profiles (0 normal and 0 custom window).
06-07-2025 09:56:47.854> Running on Microsoft Windows 10 Professional Edition (build 19045), 64-bit, Hook Timeout: 200 ms
06-07-2025 09:56:47.854> Warning: Low Level Hook Timeout is low. If you have problems try increasing this value.
06-07-2025 09:56:47.854> Startup folder: 'C:\Program Files\Highresolution Enterprises\X-Mouse Button Control\'
06-07-2025 09:56:47.854> Settings (and log) folder: 'C:\Users\Izuk\Programs\Xmouse\'
06-07-2025 09:56:47.886> XMBC has detected that the desktop is locked during startup. Skipping hook installation, wait until logon is complete.
06-07-2025 09:57:45.114> HookThreadProc[0x3AE8]: Using keyboard language 0x04090409
06-07-2025 09:58:47.916> You are using the latest available version of X-Mouse Button Control.
06-07-2025 15:13:26.289> Power State: System is suspending operation.
06-07-2025 15:13:26.289> Power State: Reinstall mouse hook on resume is enabled. Remove hook before suspending...
06-07-2025 15:24:57.145> Power State: Operation resuming automatically after event.
06-07-2025 15:24:57.145> Power State: Reinstall mouse hook on resume is enabled. Re-hooking mouse...
06-07-2025 15:24:57.258> Loaded 0 application specific profiles (0 normal and 0 custom window).
06-07-2025 15:24:59.927> HookThreadProc[0x250C]: Using keyboard language 0x04090409
06-07-2025 15:24:59.927> CGenericThreadLock::Destructor The lock for 'CDebugLogQueue::PushDebugLog' took 2672ms to release!
06-07-2025 15:26:57.185> You are using the latest available version of X-Mouse Button Control.
06-07-2025 15:58:23.329> Power State: System is suspending operation.
06-07-2025 15:58:23.329> Power State: Reinstall mouse hook on resume is enabled. Remove hook before suspending...
06-07-2025 15:59:31.076> Power State: Operation resuming automatically after event.
06-07-2025 15:59:31.077> Power State: Reinstall mouse hook on resume is enabled. Re-hooking mouse...
06-07-2025 15:59:31.191> Loaded 0 application specific profiles (0 normal and 0 custom window).
06-07-2025 15:59:34.071> HookThreadProc[0xFC4]: Using keyboard language 0x04090409
06-07-2025 15:59:34.071> CGenericThreadLock::Destructor The lock for 'CDebugLogQueue::PushDebugLog' took 2875ms to release!
06-07-2025 15:59:41.224> Session Unlock: Reinstall mouse hook on resume is enabled but we only installed hooks 7157ms ago - Ignoring session unlock.
06-07-2025 16:01:31.109> You are using the latest available version of X-Mouse Button Control.

*******************************************************************************************************************************************
07-07-2025 18:37:26.228> X-Mouse Button Control v2.20.5 (x64) Startup. Commandline '/notportable /delay'
07-07-2025 18:37:26.244> Running in high integrity mode (as Administrator) (0x00003000)
07-07-2025 18:37:26.260> Loaded 0 application specific profiles (0 normal and 0 custom window).
07-07-2025 18:37:26.260> Running on Microsoft Windows 10 Professional Edition (build 19045), 64-bit, Hook Timeout: 200 ms
07-07-2025 18:37:26.260> Warning: Low Level Hook Timeout is low. If you have problems try increasing this value.
07-07-2025 18:37:26.260> Startup folder: 'C:\Program Files\Highresolution Enterprises\X-Mouse Button Control\'
07-07-2025 18:37:26.260> Settings (and log) folder: 'C:\Users\Izuk\Programs\Xmouse\'
07-07-2025 18:37:26.454> XMBC has detected that the desktop is locked during startup. Skipping hook installation, wait until logon is complete.
07-07-2025 18:39:26.477> You are using the latest available version of X-Mouse Button Control.
07-07-2025 18:41:54.688> HookThreadProc[0x233C]: Using keyboard language 0x04090409

*******************************************************************************************************************************************
08-07-2025 18:49:28.495> X-Mouse Button Control v2.20.5 (x64) Startup. Commandline '/notportable /delay'
08-07-2025 18:49:29.692> Running in high integrity mode (as Administrator) (0x00003000)
08-07-2025 18:49:29.918> Loaded 0 application specific profiles (0 normal and 0 custom window).
08-07-2025 18:49:29.951> Running on Microsoft Windows 10 Professional Edition (build 19045), 64-bit, Hook Timeout: 200 ms
08-07-2025 18:49:29.951> Warning: Low Level Hook Timeout is low. If you have problems try increasing this value.
08-07-2025 18:49:29.951> Startup folder: 'C:\Program Files\Highresolution Enterprises\X-Mouse Button Control\'
08-07-2025 18:49:29.951> Settings (and log) folder: 'C:\Users\Izuk\Programs\Xmouse\'
08-07-2025 18:49:30.777> HookThreadProc[0x1380]: Using keyboard language 0x04090409
08-07-2025 18:49:30.777> CGenericThreadLock::Destructor The lock for 'CDebugLogQueue::PushDebugLog' took 656ms to release!
08-07-2025 18:51:30.828> You are using the latest available version of X-Mouse Button Control.

*******************************************************************************************************************************************
09-07-2025 19:08:15.591> X-Mouse Button Control v2.20.5 (x64) Startup. Commandline '/notportable /delay'
09-07-2025 19:08:15.591> Running in high integrity mode (as Administrator) (0x00003000)
09-07-2025 19:08:15.607> Loaded 0 application specific profiles (0 normal and 0 custom window).
09-07-2025 19:08:15.607> Running on Microsoft Windows 10 Professional Edition (build 19045), 64-bit, Hook Timeout: 200 ms
09-07-2025 19:08:15.607> Warning: Low Level Hook Timeout is low. If you have problems try increasing this value.
09-07-2025 19:08:15.607> Startup folder: 'C:\Program Files\Highresolution Enterprises\X-Mouse Button Control\'
09-07-2025 19:08:15.607> Settings (and log) folder: 'C:\Users\Izuk\Programs\Xmouse\'
09-07-2025 19:08:15.671> XMBC has detected that the desktop is locked during startup. Skipping hook installation, wait until logon is complete.
09-07-2025 19:10:15.693> You are using the latest available version of X-Mouse Button Control.
09-07-2025 19:22:04.694> HookThreadProc[0x277C]: Using keyboard language 0x04090409

*******************************************************************************************************************************************
10-07-2025 18:50:36.527> X-Mouse Button Control v2.20.5 (x64) Startup. Commandline '/notportable /delay'
10-07-2025 18:50:36.527> Running in high integrity mode (as Administrator) (0x00003000)
10-07-2025 18:50:36.543> Loaded 0 application specific profiles (0 normal and 0 custom window).
10-07-2025 18:50:36.543> Running on Microsoft Windows 10 Professional Edition (build 19045), 64-bit, Hook Timeout: 200 ms
10-07-2025 18:50:36.543> Warning: Low Level Hook Timeout is low. If you have problems try increasing this value.
10-07-2025 18:50:36.543> Startup folder: 'C:\Program Files\Highresolution Enterprises\X-Mouse Button Control\'
10-07-2025 18:50:36.543> Settings (and log) folder: 'C:\Users\Izuk\Programs\Xmouse\'
10-07-2025 18:50:36.624> XMBC has detected that the desktop is locked during startup. Skipping hook installation, wait until logon is complete.
10-07-2025 18:52:36.687> You are using the latest available version of X-Mouse Button Control.
10-07-2025 18:58:25.031> HookThreadProc[0x39C4]: Using keyboard language 0x04090409
10-07-2025 20:38:06.387> MultInstance: Sending command line '/notportable' to an existing instance of X-Mouse Button Control
10-07-2025 20:38:06.396> MultInstance: Successfully finished communicating with the first instance of X-Mouse Button Control.
10-07-2025 20:38:06.396> Received 2048 bytes on the IPC named pipe.
10-07-2025 20:38:06.397> Received message with data 0x80000204 from another instance of X-Mouse Button Control.
10-07-2025 20:38:06.415> CMyMessageWnd::OnSetup   -   Opening setup dialog.

10-07-2025 20:38:06.445> Loaded 0 application specific profiles (0 normal and 0 custom window).
10-07-2025 20:38:25.812> There is no existing settings file. Attempting to creating a new one.
10-07-2025 20:38:25.813> There is a problem with your profile: C
10-07-2025 20:38:27.010> CMyMessageWnd::OnSetup   -   Setup dialog closed.
10-07-2025 20:38:27.012> Unable to find the default settings file 'C:\Users\Izuk\Programs\Xmouse\XMBCSettings.xml' (Error code 2: The system cannot find the file specified. )
10-07-2025 20:38:27.012> HookDLL: Unable to load XML settings
10-07-2025 20:38:32.039> You are using the latest available version of X-Mouse Button Control.
